gene	label	family	pLI	LOEUF	mis_z	paralog_count
AAAS	LOF	PF25460	8.9231e-16	0.921	0.88677	0
AARS1	LOF	PF02272	4.04e-14	0.772	1.0453	2
AASS	LOF	PF05222	4.5131e-21	0.948	1.5093	0
ABCA12	LOF	PF12698	4.8142e-17	0.582	2.9254	11
ABCA4	LOF	PF12698	3.4822e-43	0.786	1.3815	11
ABCC6	LOF	PF00664	1.2351e-33	0.917	1.031	11
ABCC9	GOF	PF00664	7.2745e-06	0.557	7.0369	11
ABCD1	LOF	PF06472				3
ABHD12	LOF	PF00561	7.5081e-10	0.967	-0.50211	7
ABHD16A	LOF	PF22990	4.0184e-07	0.686	1.9771	7
ABHD5	LOF	PF00561	3.4236e-07	0.922	0.70878	12
ABL1	GOF	PF08919	1.0	0.19	4.2885	32
ACAD9	LOF	PF21343	1.1413e-12	0.884	0.86095	14
ACAN	LOF	PF00059	1.0	0.377	0.32052	7
ACOX1	LOF	PF01756	1.7103e-05	0.67	3.067	14
ACTB	GOF	PF00022	1.0	0.193	7.6921	26
ACTG1	GOF	PF00022	0.45871	0.617	4.8895	26
ACTL6B	LOF	PF00022	9.6229e-13	0.954	3.3742	26
ACVR1	GOF	PF01064	2.4131e-08	0.835	2.9548	11
ACVRL1	LOF	PF07714	0.51066	0.57	3.1905	11
ADA	LOF	PF00962	9.64e-15	1.184	0.4697	2
ADAMTS10	LOF	PF17771	0.99647	0.467	3.8057	25
ADAMTS17	LOF	PF23178	2.2942e-31	0.966	-1.5379	25
ADAMTS18	LOF	PF17771	1.0763e-48	1.055	-4.093	25
ADAMTSL2	LOF	PF19236	2.271e-08	0.679	1.0796	25
ADAMTSL4	LOF	PF19236	1.1088e-25	0.92	0.93574	25
ADAR	LOF	PF02137	0.99972	0.449	3.4201	14
ADCY5	GOF	PF16214	1.0	0.326	4.4785	17
ADGRV1	LOF	PF00002	6.4034e-36	0.637	2.3256	7
ADNP	LOF	PF19627	1.0	0.106	2.5832	1
ADPRS	LOF	PF03747	3.3734e-08	1.155	-0.29451	0
AFF4	GOF	PF05110	1.0	0.114	3.6501	3
AFG2A	LOF	PF00004				5
AFG3L2	LOF	PF00004	1.0227e-08	0.724	3.0743	2
AGBL5	LOF	PF18027	1.6548e-08	0.709	1.9344	5
AGK	LOF	PF19712	7.3523e-06	0.918	1.0683	4
AGL	LOF	PF06202	1.033e-22	0.72	0.87709	0
AGPAT2	LOF	PF01553	7.177e-06	1.199	-0.8571	1
AGTPBP1	LOF	PF18027	0.0066485	0.556	2.5632	5
AHI1	LOF	PF00018	2.6598e-30	1.069	-0.22863	26
AIMP1	LOF	PF01588	6.2809e-05	0.931	0.27475	0
AIPL1	LOF	PF23322	7.0113e-07	1.01	0.42085	1
AIRE	LOF	PF03172	2.864e-16	1.169	-1.0396	5
AKT1	GOF	PF00169	0.99545	0.474	4.2239	5
AKT3	GOF	PF00169	0.99015	0.482	4.235	5
ALDH18A1	DN	PF00696	0.00013089	0.617	3.0998	0
ALG1	LOF	PF00534	1.6267e-25	1.419	-2.6689	1
ALG11	LOF	PF15924	1.5591e-06	0.908	1.1209	3
ALG12	LOF	PF03901	1.4977e-09	0.965	0.93748	2
ALG2	LOF	PF13439	5.5991e-12	1.408	-0.93806	3
ALG3	LOF	PF05208	1.7952e-10	0.972	0.75767	0
ALG6	LOF	PF03155	2.2406e-05	0.892	1.3207	1
ALG8	LOF	PF03155	1.8738e-10	0.909	0.42414	1
ALG9	LOF	PF03901	1.3976e-12	0.853	1.7414	2
ALK	GOF	PF12810	3.8217e-06	0.562	0.95723	53
ALMS1	LOF	PF15309	2.1295e-65	0.825	-1.692	3
ALOX12B	LOF	PF00305	3.6631e-10	0.783	1.7673	5
ALPL	LOF	PF00245	1.7059e-11	0.987	1.9112	3
ALS2	LOF	PF25582	2.816e-17	0.649	2.9747	9
ALX4	LOF	PF00046	3.2775e-05	0.902	-0.26237	50
AMACR	LOF	PF02515	1.0248e-05	1.239	-0.14623	1
AMPD2	LOF	PF19326	1.3901e-08	0.705	3.6393	2
ANK2	LOF	PF00023	1.0	0.271	4.2752	3
ANKH	LOF	PF07260	0.99706	0.463	3.5436	0
AP1G1	LOF	PF01602	1.0	0.113	3.005	4
AP3B1	LOF	PF01602	0.0032623	0.59	2.0333	4
APC	LOF	PF05972	1.0	0.321	0.7981	1
APC2	LOF	PF05956	3.6028e-11	0.961	-7.0603	57
APOA1	LOF	PF01442	5.3313e-07	1.168	0.30209	3
APOB	DN	PF12491	1.3512e-11	0.537	0.96416	0
APOC2	LOF	PF05355	0.074299	1.054	0.44841	0
AR	DN	PF02166				31
ARFGEF1	LOF	PF20252	1.0	0.236	6.96	15
ARID1A	LOF	PF01388	1.0	0.141	2.4598	1
ARID1B	LOF	PF01388	1.0	0.205	0.81072	1
ARSL	LOF	PF00884				16
ARX	LOF	PF00046				50
ASXL1	LOF	PF13919	1.5801e-16	0.918	1.9316	2
ATAD3A	DN	PF00004	5.6203e-10	0.861	0.72563	2
ATF6	LOF	PF00170	1.6011e-07	0.882	0.76705	9
ATG7	LOF	PF16420	1.5974e-17	0.985	1.2812	9
ATL1	DN	PF02263	0.35895	0.57	3.8464	10
ATL3	DN	PF02263	1.991e-09	0.891	0.69424	10
ATOH7	LOF	PF00010	0.00014175	1.758	-1.2184	15
ATP1A2	GOF	PF13246	1.6587e-05	0.598	6.836	21
ATP1A3	GOF	PF13246	1.0	0.173	9.1351	21
ATP2A2	GOF	PF13246	1.0	0.205	7.0341	21
ATP2C1	LOF	PF13246	0.99999	0.402	3.7791	21
ATP6V0C	LOF	PF00137	0.74407	0.739	2.9069	1
ATP6V1B2	DN	PF00006	0.99842	0.457	2.5286	4
ATP7A	LOF	PF00122				21
ATP8B1	LOF	PF13246	1.6702e-09	0.62	3.336	13
ATR	LOF	PF02259	1.1669e-07	0.518	7.1459	43
ATRX	LOF	PF17981				30
AUTS2	LOF	PF15336	1.0	0.232	1.8752	2
B3GALT6	LOF	PF01762	1.0328e-14	1.987	-4.8174	15
B3GLCT	LOF	PF02434	3.9184e-09	1.109	-0.095709	3
B4GALT1	LOF	PF02709	0.019457	0.739	0.89855	6
BAG3	LOF	PF02179	0.92034	0.538	-0.061263	2
BAP1	LOF	PF01088	1.0	0.324	3.277	16
BBS1	LOF	PF14779	5.6877e-17	1.003	0.93053	0
BBS10	LOF	PF00118	1.219e-05	1.418	0.44532	0
BBS12	LOF	PF00118	0.0035062	1.419	1.5921	13
BCL11A	LOF	PF25491	1.0	0.125	3.6173	14
BCL11B	DN	PF25491	0.99537	0.462	1.293	14
BCOR	LOF	PF12796				1
BEST1	LOF	PF01062	3.209e-19	1.28	0.89191	3
BFSP1	LOF	PF00038	7.9397e-15	1.371	-0.76131	0
BGN	LOF	PF13855				22
BHLHA9	DN	PF00010	0.12142	1.931	-2.8112	13
BICRA	LOF	PF15249	0.027767	0.659	-3.9229	1
BMP2	LOF	PF00019	0.99999	0.213	1.468	31
BMP4	LOF	PF00019	0.99998	0.258	1.7532	31
BMPER	LOF	PF08742	8.1808e-06	0.652	1.5503	19
BMPR1A	LOF	PF01064	1.0	0.195	3.9074	11
BMPR1B	LOF	PF01064	1.0	0.331	1.2676	11
BMPR2	DN	PF01064	1.0	0.376	3.2823	11
BNC2	LOF	PF00096	1.0	0.365	0.84672	1
BPNT2	LOF	PF00459	0.78838	0.619	-0.43186	4
BRAF	GOF	PF00130	1.0	0.237	4.9103	23
BRAT1	LOF	PF02985	3.0623e-29	1.39	-1.9733	0
BRCA2	LOF	PF09169	6.5274e-44	0.803	1.0218	0
BRF1	LOF	PF07741	3.1018e-15	0.921	-1.5663	4
BRPF1	LOF	PF00439	1.0	0.205	5.001	8
BRWD3	LOF	PF00439				2
BSND	LOF	PF15462	0.00065519	1.03	1.0448	0
BTD	LOF	PF00795	5.4385e-05	1.22	0.16275	2
C19ORF12	LOF	PF20721				0
C1R	GOF	PF00431	0.8552	0.635	2.4049	16
C1S	GOF	PF00431	0.00018058	0.783	2.0076	16
C2CD3	LOF	PF00168	1.8824e-14	0.637	2.6212	0
CA5A	LOF	PF00194	1.8303e-07	1.257	-1.3698	14
CABP2	LOF	PF13499	1.0077e-08	1.299	-0.18317	20
CABP4	LOF	PF00036	8.2977e-11	1.345	-0.65326	20
CACNA1A	GOF	PF08763	1.0	0.331	3.9533	26
CACNA1C	GOF	PF08763	1.0	0.186	7.2836	26
CACNA1D	LOF	PF08763	1.0	0.253	6.624	26
CACNA1E	GOF	PF08763	1.0	0.221	6.7175	26
CACNA1F	LOF	PF08763				26
CACNA1G	GOF	PF00520	1.0	0.406	5.0503	26
CALM3	DN	PF13499	0.93101	0.556	3.6331	20
CAMK2A	LOF	PF08332	1.0	0.187	6.1108	22
CAMK2B	LOF	PF08332	0.99933	0.45	3.3648	22
CAMTA1	LOF	PF12796	1.0	0.227	4.7704	1
CAPN15	LOF	PF00648	1.819e-14	0.974	-2.1004	20
CAPN5	GOF	PF00168	5.467e-14	0.928	1.2087	20
CARD14	GOF	PF00619	3.0278e-38	1.222	-0.25379	3
CASK	LOF	PF00625				7
CASP10	DN	PF01335	6.3858e-09	1.046	0.61351	16
CBL	GOF	PF02262	0.00033116	0.622	1.6974	2
CC2D2A	LOF	PF15625	6.8922e-26	0.854	0.46757	2
CCBE1	LOF	PF01391	2.2995e-08	0.933	-0.014009	0
CCDC40	LOF	PF08647	2.6347e-28	0.962	0.91122	0
CCM2	LOF	PF16545	0.0010505	0.753	1.787	1
CCND2	GOF	PF02984	0.99932	0.385	2.8824	18
CCNO	LOF	PF02984	3.3991e-10	1.698	-1.8829	18
CDC42	GOF	PF00071	0.872	0.611	2.9049	22
CDC73	LOF	PF05179	0.99901	0.42	3.3697	0
CDH1	LOF	PF01049	0.85613	0.514	1.9041	35
CDH23	LOF	PF00028	2.8869e-32	0.685	1.6119	33
CDHR1	LOF	PF00028	1.0861e-16	1.004	-0.43308	33
CDK19	DN	PF00069	0.49182	0.655	2.7676	26
CDK4	GOF	PF00069	0.56668	0.61	2.2555	26
CDKL5	LOF	PF00069				26
CEBPA	LOF	PF07716	0.26038	1.372	-1.2385	4
CEP290	LOF	PF16574	1.2493e-48	1.094	0.17962	0
CEP85L	LOF	PF24555	0.00010923	0.696	0.048639	1
CERKL	LOF	PF19280	2.2725e-17	1.43	-0.14752	4
CERT1	GOF	PF00169	0.103	0.656	2.6715	5
CFAP298	LOF	PF11069	5.4028e-11	1.267	0.31379	0
CFAP418	LOF	PF14996	1.7648e-05	1.642	0.13822	0
CFC1	LOF	PF09443	0.85842	0.586	1.748	5
CHD1	LOF	PF18375	1.0	0.207	3.2892	30
CHD2	LOF	PF18375	1.0	0.174	6.0349	30
CHD4	LOF	PF08074	1.0	0.192	8.6275	30
CHD7	LOF	PF07533	1.0	0.109	3.9606	30
CHD8	LOF	PF07533	1.0	0.154	7.0384	30
CHEK2	LOF	PF00498	2.847e-14	1.399	-0.016674	0
CHM	LOF	PF00996				3
CHN1	GOF	PF00130	0.0068059	0.79	1.5173	4
CHRNA1	LOF	PF02931	5.0496e-09	0.943	1.6855	45
CHRNA4	GOF	PF02931	5.6303e-06	0.834	0.18604	45
CHRNB1	LOF	PF02931	1.0067e-13	1.047	1.2258	45
CHRNB2	GOF	PF02931	1.6832e-09	1.116	1.0117	45
CHRNG	LOF	PF02931	4.4206e-25	1.286	0.9905	45
CHST14	LOF	PF03567	0.0044188	0.917	0.41448	6
CHST3	LOF	PF00685	4.1464e-06	1.119	-0.98194	6
CHSY1	LOF	PF05679	1.0	0.357	0.87685	7
CIB2	LOF	PF13499	1.5892e-06	1.274	0.64344	8
CIC	LOF	PF16090	1.0	0.249	1.6344	50
CISD2	LOF	PF10660	0.97014	0.437	1.3254	2
CKAP2L	LOF	PF15297	0.00013949	0.72	-0.018164	1
CLCN2	LOF	PF00654	3.1071e-15	0.786	2.1216	8
CLCN7	LOF	PF00571	1.2342e-12	0.821	0.89844	8
CLCNKB	LOF	PF00571	1.4731e-22	1.072	1.2899	8
CLDN14	LOF	PF00822	0.028763	1.745	0.80695	22
CLMP	LOF	PF13895	3.1884e-05	0.792	1.1001	14
CLN3	LOF	PF02487	5.3225e-14	1.022	0.97718	0
CLN5	LOF	PF15014	3.9441e-10	1.197	0.27528	0
CLN6	LOF	PF15156	8.7664e-06	1.015	0.55889	0
CLN8	LOF	PF03798	1.9452e-06	1.183	-0.59713	5
CLRN1	LOF	PF25807	8.5957e-05	1.168	-0.36895	2
CLTC	LOF	PF00637	1.0	0.104	10.229	2
CNGA1	LOF	PF16526	4.6542e-05	0.779	1.0037	17
CNGA3	GOF	PF16526	9.6893e-14	1.126	0.50859	17
CNGB1	LOF	PF00027	1.6912e-34	0.94	-0.26888	17
CNGB3	LOF	PF00027	8.5316e-20	1.044	-0.15051	17
CNNM2	LOF	PF00571	1.0	0.312	5.0163	3
CNOT3	LOF	PF04153	1.0	0.057	3.7821	1
CNPY3	LOF	PF11938	0.00026212	0.882	0.77674	1
CNTNAP1	LOF	PF00754	1.514e-07	0.578	3.8452	35
COG7	LOF	PF10191	2.562e-05	0.651	1.302	0
COL10A1	DN	PF00386	0.01645	0.855	0.015396	23
COL11A1	LOF	PF01410	1.0	0.349	1.0145	37
COL11A2	DN	PF01410	0.00022512	0.503	3.4045	37
COL17A1	LOF	PF01391	2.3058e-48	0.909	0.79988	37
COL1A1	LOF	PF01410	1.0	0.159	5.7881	37
COL1A2	LOF	PF01410	1.0	0.339	3.5486	37
COL25A1	LOF	PF01391	5.7892e-16	1.034	0.96891	37
COL27A1	LOF	PF01410	4.2046e-07	0.539	1.2258	37
COL2A1	DN	PF01410	1.0	0.183	5.3873	37
COL3A1	DN	PF01410	1.0	0.291	4.6137	37
COL4A1	DN	PF01413	1.0	0.238	4.9877	37
COL4A3	LOF	PF01413	2.7709e-21	0.709	2.4627	37
COL4A4	LOF	PF01413	3.9265e-10	0.607	2.2347	37
COL4A5	LOF	PF01413				37
COL5A1	LOF	PF01410	1.0	0.089	4.1992	37
COL5A2	DN	PF01410	1.0	0.106	3.3665	37
COL6A2	LOF	PF01391	5.0534e-23	0.895	-0.91252	37
COL6A3	LOF	PF01391	2.2106e-13	0.564	2.1118	12
COL7A1	LOF	PF01391	1.4204e-56	0.69	4.0644	37
COLEC10	LOF	PF01391	0.0054092	1.082	0.24254	4
COMP	DN	PF11598	1.6355e-24	1.073	1.5119	5
COPB2	LOF	PF04053	1.0	0.177	3.4692	1
COQ2	LOF	PF01040	0.00017758	1.032	-1.2344	1
COQ4	LOF	PF05019	2.7347e-14	1.645	-0.084373	0
COQ9	LOF	PF08511	8.0652e-09	1.035	0.3419	0
COX15	LOF	PF02628	5.8917e-16	1.198	1.6685	0
CPAMD8	LOF	PF00207	4.7182e-30	0.825	0.68676	8
CPAP	LOF	PF07202				1
CPLANE1	LOF	PF15392	2.7962e-36	0.728	2.7342	0
CRB1	LOF	PF00008	9.3619e-17	0.776	0.63626	0
CRB2	LOF	PF00008	1.0689e-28	1.202	-2.058	3
CREBBP	LOF	PF00439	1.0	0.101	4.7763	1
CRLF1	LOF	PF09067	8.3681e-10	1.045	0.52571	23
CRX	LOF	PF00046	0.72313	0.673	1.0896	50
CRYAA	LOF	PF00525				8
CRYAB	DN	PF00525	0.005468	1.18	1.1939	8
CRYBA1	LOF	PF00030	2.5475e-05	0.987	1.2062	14
CRYBB2	LOF	PF00030	0.089294	0.765	1.7421	14
CRYGC	LOF	PF00030	0.0018396	0.941	0.24242	14
CRYGD	LOF	PF00030	6.8117e-06	1.796	0.096428	14
CRYGS	LOF	PF00030	0.019928	0.881	0.85912	14
CSF1R	LOF	PF00047	0.97537	0.485	2.4273	53
CSNK2A1	GOF	PF00069	1.0	0.274	5.3272	4
CSNK2B	LOF	PF01214	0.99996	0.237	3.7843	0
CSRP3	LOF	PF00412	1.039e-07	1.307	0.46588	2
CTCF	LOF	PF00096	1.0	0.205	4.8464	36
CTNNB1	LOF	PF00514	1.0	0.139	5.7223	4
CTNND1	LOF	PF00514	1.0	0.187	2.7344	6
CTNS	LOF	PF04193	0.0010072	0.754	0.64366	0
CUL3	LOF	PF00888	0.99999	0.365	5.156	7
CYBB	LOF	PF08022				6
CYFIP2	GOF	PF07159	1.0	0.274	6.9395	1
CYLD	LOF	PF01302	1.0	0.325	4.7125	0
CYP27A1	LOF	PF00067	1.9163e-15	1.039	0.10597	3
CYP2U1	LOF	PF00067	4.9537e-08	0.98	0.13159	15
CYP4V2	LOF	PF00067	5.1146e-17	1.126	-0.13305	12
DCAF17	LOF	PF15802	3.4768e-07	0.855	0.92354	0
DCC	LOF	PF00041	1.0	0.414	0.97556	36
DCDC2	LOF	PF03607	1.1753e-09	1.062	0.58407	2
DCHS1	LOF	PF00028	0.33407	0.491	1.5704	33
DCX	LOF	PF03607				6
DDB2	LOF	PF00400	0.00014594	0.719	2.2896	0
DDHD1	LOF	PF02862	4.5078e-05	0.642	0.71714	2
DDHD2	LOF	PF02862	1.2846e-06	0.758	1.7398	2
DDX3X	LOF	PF00270				38
DDX41	LOF	PF00270	8.2138e-10	0.768	3.1508	38
DEAF1	DN	PF01342	1.6906e-18	1.18	0.83045	0
DEGS1	LOF	PF00487	3.8147e-05	1.051	0.7947	1
DHCR24	LOF	PF01565	0.048572	0.597	2.3914	0
DHCR7	LOF	PF01222	1.1484e-12	1.087	0.76289	2
DICER1	LOF	PF00270	1.0	0.275	6.1513	0
DKC1	LOF	PF08068				0
DLG4	LOF	PF00625	1.0	0.151	4.8436	6
DLL4	LOF	PF01414	1.0	0.197	3.9013	5
DMD	LOF	PF00307				36
DMP1	LOF	PF07263	0.0022589	1.209	1.2873	6
DNAAF11	LOF	PF23602	1.6371e-07	1.018	0.38254	13
DNAAF3	LOF	PF14737	6.1143e-12	1.139	-0.80759	1
DNAH5	LOF	PF12774	8.8294e-79	0.764	2.1186	15
DNAH9	LOF	PF12774	6.7994e-74	0.775	1.7474	15
DNAJB6	DN	PF00226	0.00077061	0.92	0.090043	11
DNM1	DN	PF01031	0.99997	0.417	5.0313	6
DNM1L	DN	PF01031	0.92424	0.506	5.3293	6
DNMT3A	GOF	PF17980	3.0684e-146	1.998	1.997	4
DOCK2	LOF	PF06920	1.0	0.421	4.9199	10
DOCK6	LOF	PF06920	1.38e-40	0.87	0.83921	10
DOCK7	LOF	PF06920	8.7006e-08	0.551	3.8839	10
DPF2	DN	PF14051	1.0	0.287	3.3606	9
DPM1	LOF	PF00535	1.934e-05	1.005	0.33652	1
DPM3	LOF	PF08285	0.0094613	1.364	0.50157	0
DRAM2	LOF	PF10277	1.0566e-06	1.115	0.39663	4
DSG4	LOF	PF01049	6.2985e-24	1.061	-0.23289	6
DSP	LOF	PF00681	0.99991	0.443	2.6512	36
DYM	LOF	PF09742	7.9636e-21	1.081	0.92126	0
DYNC1I2	LOF	PF11540	2.0289e-08	0.84	3.3565	7
DYNC2H1	LOF	PF12774	1.5874e-83	0.859	0.47463	15
DYRK1A	LOF	PF00069	1.0	0.172	4.1205	12
EBF3	LOF	PF16422	1.0	0.353	3.1501	3
EBP	LOF	PF05241				16
ECEL1	LOF	PF01431	1.7007e-27	1.099	-0.41176	6
EDA	LOF	PF00229				37
EDAR	LOF	PF24979	1.243e-09	0.927	1.2955	2
EDEM3	LOF	PF01532	4.8964e-06	0.671	1.4624	6
EDN1	LOF	PF00322	0.0045322	0.84	0.71523	2
EDN3	LOF	PF00322	0.38182	0.696	-0.0517	2
EDNRA	GOF	PF00001	0.99908	0.424	3.9853	15
EDNRB	LOF	PF00001	0.49438	0.585	1.8888	15
EEF1A2	GOF	PF22594	0.99995	0.314	6.0642	18
EFNB1	LOF	PF00812				7
EFTUD2	LOF	PF00679	1.0	0.145	5.3671	18
EGFR	GOF	PF00757	0.98251	0.475	3.0635	53
EGLN1	GOF	PF13640	0.012898	0.739	0.91454	2
EGR2	LOF	PF11928	0.99692	0.401	2.7999	4
EHMT1	LOF	PF12796	1.0	0.159	1.9902	19
EIF2S3	LOF	PF09173				18
EIF5A	LOF	PF01287	0.99865	0.278	4.4862	2
ELAC2	LOF	PF23023	2.8305e-27	1.02	-0.074804	1
ELANE	DN	PF00089	0.00041675	1.245	-0.55026	6
ELOVL4	LOF	PF01151	0.12588	0.649	1.718	6
ENG	LOF	PF26060	1.0	0.374	1.285	2
ENPP1	LOF	PF01223	1.7403e-05	0.729	1.2082	6
EOGT	LOF	PF04577	4.8218e-07	1.121	-0.4678	1
EP300	LOF	PF00439	1.0	0.164	2.6711	1
EPG5	LOF	PF26103	1.6929e-14	0.58	1.7487	2
EPHA2	LOF	PF14575	2.8105e-07	0.652	2.667	53
EPHB4	LOF	PF14575	4.3123e-06	0.645	1.6946	53
EPRS1	LOF	PF21972	0.019945	0.549	1.9921	2
ERCC6	LOF	PF00271	1.2087e-23	0.803	1.7245	30
ERF	LOF	PF00178	0.99787	0.443	1.658	28
ESPN	LOF	PF12796	7.2662e-24	1.307	-1.0887	1
ESR2	DN	PF12497	5.9579e-10	1.002	-0.14268	8
ETV6	DN	PF00178	0.99891	0.44	2.2005	28
EVC2	LOF	PF12297	1.7773e-47	1.092	-1.7856	1
EXOSC9	LOF	PF01138	1.1629e-07	1.121	-0.059334	2
EXT1	LOF	PF03016	1.0	0.339	2.7372	4
EXT2	LOF	PF03016	1.2232e-10	0.775	2.1935	4
EYA1	LOF	PF00702	1.0	0.291	1.3988	3
EYA4	LOF	PF00702	0.86351	0.536	1.2878	3
EYS	LOF	PF00008	6.4354e-50	0.96	-0.45186	6
F12	GOF	PF00008	2.9444e-26	1.286	-0.22747	16
FA2H	LOF	PF00173	0.0053396	0.759	-0.88456	0
FAM111A	GOF	PF13365	0.16155	1.89	1.0515	1
FANCA	LOF	PF24783	1.7065e-87	1.344	-6.4686	0
FANCC	LOF	PF02106	2.6625e-14	1.022	0.41238	0
FANCF	LOF	PF11107			-0.4993	0
FANCL	LOF	PF11793	1.6815e-17	1.444	-0.81485	0
FANCM	LOF	PF00270	2.395e-13	0.754	0.70017	0
FAR1	LOF	PF07993	0.57071	0.595	3.7127	1
FAS	DN	PF00531	0.99961	0.372	1.2561	22
FAT4	LOF	PF00028	1.0	0.317	2.1425	6
FBLN5	LOF	PF12662	0.25042	0.58	2.2094	6
FBN1	LOF	PF12662	1.0	0.105	8.1987	2
FBN2	DN	PF12662	1.0	0.312	3.2951	2
FBXO11	LOF	PF13229	1.0	0.215	4.098	1
FEZF1	LOF	PF00096	0.99871	0.42	1.3867	28
FGD1	LOF	PF01363				10
FGF10	LOF	PF00167	0.99903	0.267	1.4724	21
FGF12	GOF	PF00167	0.14712	0.932	1.0243	21
FGF13	GOF	PF00167				21
FGF14	LOF	PF00167	0.97977	0.482	1.8427	21
FGF3	LOF	PF00167	0.0015771	1.815	-1.951	21
FGF9	LOF	PF00167	0.99254	0.418	2.1479	21
FGFR1	GOF	PF07679	1.0	0.274	4.2752	53
FGFR2	GOF	PF07679	1.0	0.278	4.4473	53
FGFR3	GOF	PF21165	0.99865	0.458	1.1956	53
FH	LOF	PF10415	0.26752	0.599	2.072	2
FHL1	LOF	PF00412				59
FIG4	LOF	PF02383	1.3237e-16	0.966	1.7961	13
FKTN	LOF	PF19737	1.5042e-05	1.022	0.12731	0
FLCN	LOF	PF11704	0.9891	0.487	1.9669	0
FLNA	LOF	PF00307				36
FLNB	LOF	PF00307	0.00057489	0.504	4.5491	36
FLNC	LOF	PF00307	1.0	0.424	5.9661	36
FLT4	LOF	PF07679	1.0	0.265	3.0272	53
FLVCR1	LOF	PF07690	6.6916e-07	1.013	-0.1071	4
FLVCR2	LOF	PF07690	3.3589e-06	0.9	0.61075	4
FMR1	GOF	PF05641				2
FOXC1	LOF	PF00250	0.054624	1.276	-3.6444	41
FOXC2	GOF	PF00250	0.00066521	1.807	-3.0645	41
FOXE1	LOF	PF00250	0.0099304	1.926	-2.0319	41
FOXE3	LOF	PF00250	0.11644	1.935	-3.0438	41
FOXF1	LOF	PF00250	0.427	0.685	0.30525	41
FOXG1	LOF	PF00250	0.99832	0.36	3.7963	4
FOXL2	LOF	PF00250	0.028008	1.913	-0.79505	41
FOXN1	LOF	PF00250	0.99877	0.442	0.81588	41
FOXP1	DN	PF00250	1.0	0.279	2.6573	41
FOXP2	LOF	PF00250	1.0	0.157	3.1178	4
FOXP3	LOF	PF00250				41
FOXRED1	LOF	PF01266	2.0617e-11	1.118	0.86475	10
FREM1	LOF	PF16184	2.6459e-52	1.157	-4.442	7
FRMD7	LOF	PF08736				10
FTL	LOF	PF00210	2.0921e-06	1.552	1.1926	3
FTSJ1	LOF	PF01728				2
FUCA1	LOF	PF01120	3.6291e-15	1.162	0.55825	1
FUS	GOF	PF00076	1.0	0.104	2.8346	2
FUT8	LOF	PF19745	0.0026169	0.667	2.2516	0
FXYD2	DN	PF02038	0.0079463	1.239	-0.31803	6
FZD4	LOF	PF01534	0.36307	0.614	1.5152	15
FZD5	DN	PF01534	0.90108	0.551	2.073	15
FZD6	LOF	PF01534	1.6785e-11	1.2	2.0793	15
G6PC1	LOF	PF01569	3.7042e-05	0.963	1.173	2
GABBR2	DN	PF00003	0.99997	0.394	4.1068	2
GABRA1	DN	PF02931	0.99999	0.282	4.2735	45
GABRA5	DN	PF02931	0.79404	0.56	3.2633	45
GABRG2	LOF	PF02931	0.99942	0.428	3.9288	45
GAS2L2	LOF	PF00307	8.2195e-05	0.884	-0.19915	36
GATA2	LOF	PF00320	0.99993	0.335	1.7347	7
GATA3	LOF	PF00320	0.99953	0.376	1.3283	7
GATA4	LOF	PF00320	0.99122	0.468	-1.4458	7
GATA6	GOF	PF00320	0.95497	0.527	-1.0918	7
GATAD2B	LOF	PF00320	1.0	0.236	3.9897	1
GBA1	LOF	PF02055				0
GBA2	LOF	PF04685	4.857e-13	0.773	1.9266	0
GCNT2	LOF	PF02485	7.7917e-10	1.369	-1.2775	8
GCSH	LOF	PF01597	0.33443	1.537	-1.1056	0
GDF5	LOF	PF00019	0.025782	0.71	1.0668	31
GEMIN5	LOF	PF23770	2.9965e-18	0.839	-0.026735	9
GFAP	GOF	PF00038	2.8861e-09	0.991	1.8993	68
GFI1	DN	PF00096	0.048531	0.715	0.70931	28
GFM1	LOF	PF00679	3.6978e-10	0.829	1.1282	18
GGCX	LOF	PF05090	2.2339e-15	0.888	1.7017	0
GHR	LOF	PF09067	0.15729	0.65	0.17358	23
GJA1	LOF	PF00029	0.96386	0.522	3.3847	20
GJB2	LOF	PF00029	3.5966e-15	1.965	0.4439	20
GK	LOF	PF02782				6
GLA	LOF	PF16499				3
GLI3	LOF	PF00096	1.0	0.298	1.066	14
GLRA1	LOF	PF02931	1.979e-07	0.975	2.4146	45
GLRB	LOF	PF02931	0.46345	0.746	0.57521	45
GLUD1	GOF	PF00208	0.016085	0.748	2.9685	18
GMPPA	LOF	PF25087	3.3672e-10	1.088	1.1515	3
GNA11	GOF	PF00503	0.99978	0.38	3.8795	15
GNA14	GOF	PF00503	2.6525e-14	1.512	-0.086688	15
GNAO1	GOF	PF00503	1.0	0.105	4.5551	15
GNAQ	GOF	PF00503	0.5787	0.818	2.6607	15
GNAT1	LOF	PF00503	5.7987e-11	1.138	1.5959	15
GNAT2	LOF	PF00503	9.0816e-06	1.176	1.4883	15
GNB1	GOF	PF25391	0.9976	0.222	3.4867	4
GNPAT	LOF	PF01553	0.87864	0.572	1.3747	2
GORAB	LOF	PF04949	0.0054121	0.802	0.29956	0
GPAA1	LOF	PF04114	2.3103e-15	1.077	0.42679	0
GPC3	LOF	PF01153				5
GPC6	LOF	PF01153	0.99996	0.384	1.3324	5
GPR143	LOF	PF02101				0
GPR179	LOF	PF00003	4.9425e-14	0.965	2.0424	1
GREB1L	LOF	PF20692	1.0	0.125	5.6894	1
GRHL3	LOF	PF04516	0.99994	0.4	1.7162	5
GRIA2	LOF	PF01094	1.0	0.15	5.4873	17
GRIA3	LOF	PF01094				17
GRIN1	LOF	PF01094	0.018437	0.574	6.6523	17
GRIN2A	DN	PF01094	1.0	0.268	3.7232	17
GRIN2B	GOF	PF01094	1.0	0.102	7.3414	17
GRIN2D	GOF	PF01094	0.00072963	0.642	0.38163	17
GRM1	LOF	PF00003	0.99997	0.417	3.65	7
GRM6	LOF	PF00003	3.523e-25	1.229	-1.0445	7
GRN	LOF	PF00396	0.042667	0.59	1.301	0
GRXCR1	LOF	PF00462	9.1796e-09	1.377	-0.20941	2
GTF2H5	LOF	PF06331	0.013389	1.727	0.12883	0
GTPBP3	LOF	PF01926	9.9816e-11	1.112	-0.11545	1
GUCA1A	GOF	PF00036	0.00042868	1.071	0.23167	14
GUCY2C	LOF	PF00211	1.4182e-08	1.118	1.6022	17
GUCY2D	LOF	PF01094	1.1666e-16	0.911	0.020837	17
HACE1	LOF	PF12796	9.83e-05	0.98	2.4336	24
HAMP	LOF	PF06446	0.014111	1.464	0.30782	0
HCFC1	LOF	PF13854				10
HCN4	DN	PF00027	0.14903	0.571	1.2903	17
HDAC4	LOF	PF12203	1.0	0.192	3.7634	10
HDAC8	LOF	PF00850				10
HERC1	LOF	PF00632	1.0	0.33	5.2959	9
HESX1	LOF	PF00046	0.12422	0.84	0.27803	50
HIVEP2	LOF	PF00096	1.0	0.114	3.8277	14
HMBS	LOF	PF01379	0.81406	0.546	1.3249	0
HMX1	LOF	PF00046	0.0021009	1.957	-5.0309	3
HNF1B	LOF	PF04814	1.0	0.239	2.0791	1
HNF4A	LOF	PF00104	0.99921	0.439	2.7153	11
HNRNPH1	LOF	PF00076	1.0	0.111	4.8461	8
HNRNPK	LOF	PF00013	0.99995	0.242	3.3022	12
HNRNPR	LOF	PF18360	1.0	0.129	4.0518	24
HNRNPU	LOF	PF13671	1.0	0.111	3.5117	2
HOXA13	GOF	PF00046	0.98285	0.482	-1.1312	42
HPD	DN	PF00903	8.9816e-08	0.845	1.5213	1
HPRT1	LOF	PF00156				6
HPS1	LOF	PF19036	7.6455e-13	0.879	0.48509	0
HPS5	LOF	PF23756	7.0936e-15	0.797	1.1841	1
HPS6	LOF	PF15702	5.7889e-15	1.146	-0.9146	0
HPSE2	LOF	PF03662	5.9825e-07	0.837	0.61691	1
HR	LOF	PF02373	2.713e-19	0.848	0.15368	3
HRAS	GOF	PF00071	0.017283	0.893	1.4595	35
HS2ST1	LOF	PF03567	0.22814	0.683	1.6723	1
HSD11B1	DN	PF00106	0.002221	0.975	1.7275	13
HSD3B7	LOF	PF01073	5.6859e-14	1.411	1.2739	10
HSPD1	LOF	PF00118	1.0	0.185	2.9068	13
HSPG2	LOF	PF00008	1.3604e-38	0.603	3.4262	27
HYCC1	LOF	PF09790				1
HYDIN	LOF	PF17213	4.5235e-08	0.555	4.6346	2
IARS1	LOF	PF08264	9.6429e-18	0.911	1.005	7
IDS	LOF	PF00884				16
IFIH1	GOF	PF16739	4.5803e-34	1.406	-0.4273	2
IFT122	LOF	PF23381	9.3639e-23	0.811	1.7667	0
IFT140	LOF	PF23383	8.6859e-35	0.972	-0.37778	1
IFT172	LOF	PF24762	1.2319e-29	0.745	2.704	1
IGF1R	LOF	PF00757	1.0	0.393	4.6593	53
IGF2	LOF	PF08365	0.96	0.496	1.269	2
IGFBP7	LOF	PF07679	2.2034e-09	1.812	-1.6341	2
IGSF1	LOF	PF13895				25
IKBKG	LOF	PF16516				1
ILDR1	LOF	PF05624	1.1014e-16	1.103	0.06617	2
IMPG1	LOF	PF01390	3.7401e-20	1.217	-0.011703	1
IMPG2	LOF	PF01390	7.7387e-15	0.773	0.94914	1
INSR	DN	PF00757	0.00015345	0.556	5.4734	53
IQSEC2	LOF	PF16453				15
IRF2BPL	LOF	PF11261	0.90987	0.544	-1.7558	5
IRF6	LOF	PF00605	1.0	0.214	3.8977	8
ITGA8	LOF	PF01839	1.2641e-12	0.801	-0.77047	17
ITGB4	DN	PF03160	8.4149e-40	0.86	2.189	8
ITPR1	DN	PF08709	1.0	0.325	6.2207	5
JAG1	LOF	PF01414	1.0	0.211	5.2977	5
JAK1	GOF	PF18379	1.0	0.168	5.8688	32
JAK3	LOF	PF18379	1.5795e-23	0.933	1.6786	32
JAM3	LOF	PF13927	7.8734e-07	1.003	-0.6781	14
KANSL1	LOF	PF15275	1.0	0.325	0.89624	1
KARS1	LOF	PF00152	8.5776e-09	0.883	-0.47575	4
KCNA1	DN	PF02214	0.0001067	0.935	3.8753	31
KCNA2	LOF	PF02214	0.93925	0.537	5.1746	31
KCNB1	DN	PF02214	1.0	0.309	5.403	31
KCNC1	GOF	PF02214	0.99991	0.363	5.1794	31
KCNE2	GOF	PF02060	0.018093	1.636	0.65933	1
KCNH1	GOF	PF00027	0.81678	0.526	5.079	17
KCNH2	DN	PF00027	0.066807	0.568	2.4976	17
KCNJ10	LOF	PF01007	0.46302	0.676	2.7127	15
KCNJ11	LOF	PF01007	0.0015654	1.074	2.8591	15
KCNJ13	LOF	PF01007	0.62675	0.64	2.1909	15
KCNJ5	DN	PF01007	0.0081482	0.912	2.0231	15
KCNK4	GOF	PF07885	1.7607e-07	1.141	0.40018	14
KCNMA1	GOF	PF03493	1.0	0.331	6.5284	3
KCNN3	GOF	PF02888	0.99999	0.379	4.6144	3
KCNQ1	LOF	PF00520	1.0954e-12	0.915	0.91213	31
KCNQ2	DN	PF00520	1.0	0.295	3.7078	31
KCNQ4	DN	PF00520	0.022475	0.602	1.238	31
KCNQ5	GOF	PF00520	0.99994	0.417	3.1393	31
KCNV2	LOF	PF02214	1.1007e-35	1.964	-5.8358	31
KCTD7	LOF	PF02214	0.0017607	0.902	1.5676	13
KDELR2	LOF	PF00810	0.0025946	1.316	-1.106	2
KDM3B	LOF	PF22989	1.0	0.117	6.2276	3
KDM4B	LOF	PF02373	1.0	0.371	2.9574	10
KDM5B	LOF	PF01388	1.1177e-29	0.858	1.0125	10
KDM5C	LOF	PF01388				10
KDM6A	LOF	PF02373				2
KDM6B	LOF	PF02373	1.0	0.211	1.8332	2
KERA	LOF	PF13516	2.7143e-08	1.284	-0.086142	10
KIF11	LOF	PF00225	1.0	0.184	2.7188	41
KIF14	LOF	PF23313	2.0983e-06	0.65	1.615	41
KIF1A	LOF	PF12473	1.0	0.304	5.035	41
KIF22	GOF	PF12836	4.9453e-17	1.025	0.58711	41
KIF2A	DN	PF22923	0.76117	0.617	2.6011	41
KIF5A	DN	PF00225	1.0	0.315	5.0359	41
KIT	LOF	PF00047	1.0	0.24	4.1661	53
KITLG	GOF	PF02404	0.90378	0.581	1.5682	0
KLF1	DN	PF16832	4.5975e-15	1.777	-1.0124	22
KLHL7	LOF	PF07707	1.0222e-06	0.789	5.0385	54
KMT2A	LOF	PF05965	1.0	0.065	8.7941	19
KMT2B	LOF	PF05965	1.0	0.127	2.7377	19
KMT2D	LOF	PF05965	1.0	0.141	4.7249	19
KMT2E	LOF	PF20826	1.0	0.217	1.4433	1
KMT5B	LOF	PF00856	1.0	0.19	3.7527	1
KRAS	GOF	PF00071	0.99914	0.264	3.0903	35
KRIT1	LOF	PF24521	0.11437	0.69	0.89279	1
KRT1	DN	PF00038	0.00045625	0.7	0.86527	68
KRT10	DN	PF00038	4.9789e-09	0.881	0.27306	68
KRT12	DN	PF00038	7.3555e-09	0.979	1.0629	68
KRT13	DN	PF00038	1.6731e-06	0.905	0.32728	68
KRT14	DN	PF00038	1.4584e-07	0.932	1.301	68
KRT16	DN	PF00038	5.3853e-14	1.178	1.0004	68
KRT17	LOF	PF00038	1.2138e-06	0.871	0.84319	68
KRT2	LOF	PF00038	1.2105e-09	1.0	-0.34681	68
KRT3	DN	PF00038	1.832e-08	0.996	0.10923	68
KRT4	DN	PF00038	1.2573e-13	1.089	0.56154	68
KRT5	LOF	PF00038	0.90196	0.538	1.0035	68
KRT6A	DN	PF00038	6.2076e-05	0.755	0.57996	68
KRT6B	DN	PF00038	4.6738e-07	0.909	0.91601	68
KRT9	DN	PF00038	6.55e-08	0.873	0.73017	68
L1CAM	LOF	PF13882				36
L2HGDH	LOF	PF01266	2.0708e-06	0.872	0.22597	10
LAMA3	LOF	PF00053	6.3654e-45	0.734	2.6539	54
LAMB2	LOF	PF00053	2.2857e-18	0.652	2.8708	54
LAMB3	LOF	PF00053	6.2848e-23	0.829	0.88919	27
LAMC2	LOF	PF00053	1.555e-20	0.797	1.3268	27
LAMP2	LOF	PF01299				3
LARGE1	LOF	PF13896	0.00057297	0.606	2.7128	5
LBR	LOF	PF01222	0.97287	0.499	0.94923	2
LDLR	LOF	PF07645	1.2477e-30	1.091	0.60522	14
LEMD3	LOF	PF03020	0.40017	0.584	-1.2499	2
LGI4	LOF	PF03736	5.8785e-12	1.255	-1.1969	22
LHX4	LOF	PF00046	0.57061	0.589	1.5716	20
LMNA	GOF	PF00038	0.99995	0.412	3.1003	68
LMOD3	LOF	PF03250	3.5031e-07	0.948	-0.34134	6
LMX1B	LOF	PF00046	0.99956	0.409	1.8923	20
LPL	LOF	PF00151	3.1242e-12	1.075	-0.35897	9
LRAT	LOF	PF04970	0.0010654	1.214	0.82317	7
LRBA	LOF	PF02138	0.0099554	0.515	1.3655	7
LRP4	LOF	PF12662	0.010613	0.501	5.2226	14
LRP5	GOF	PF14670	0.9406	0.482	3.7149	14
LRPPRC	LOF	PF01535	2.1588e-11	0.808	-1.9032	0
LRRC56	LOF	PF12799	4.217e-13	1.225	-1.3762	0
LTBP2	LOF	PF00008	1.0051e-11	0.595	1.1725	6
LTBP3	LOF	PF12662	5.15e-23	0.824	0.90009	6
LYSET	LOF	PF15190				0
LYST	LOF	PF02138	3.0923e-06	0.505	4.1055	7
LZTFL1	LOF	PF15294	0.0015497	0.874	1.068	0
LZTR1	LOF	PF00651	4.9915e-132	1.997	-0.53832	10
MAB21L2	LOF	PF03281	0.037864	0.727	3.1238	9
MADD	LOF	PF23629	2.7157e-21	0.721	1.9433	0
MAFB	GOF	PF03131	0.97972	0.469	1.4486	6
MAGEL2	LOF	PF01454			-1.6032	37
MAK	LOF	PF00069	2.738e-11	0.894	1.1039	28
MANBA	LOF	PF02836	2.4023e-10	0.826	0.063106	1
MAOA	LOF	PF01593				7
MAP2K1	GOF	PF00069	0.96737	0.515	3.7569	8
MAP2K2	GOF	PF00069	1.581e-05	0.858	0.6256	8
MAP3K1	LOF	PF21040	1.0	0.355	1.4665	35
MAPKAPK5	LOF	PF00069	0.27844	0.604	1.8547	6
MAT1A	LOF	PF02773	0.062832	0.653	2.3888	1
MAX	LOF	PF00010	0.99819	0.288	1.8678	0
MBOAT7	LOF	PF03062	1.7407e-13	1.229	-0.79685	5
MBTPS2	LOF	PF02163				0
MC2R	LOF	PF00001	0.00082552	1.39	0.74423	18
MCCC1	LOF	PF02785	2.1696e-11	0.819	1.5436	4
MCCC2	LOF	PF01039	1.8706e-10	0.832	0.45938	1
MECP2	LOF	PF01429				1
MED12	LOF	PF09497				1
MED13	LOF	PF06333	1.0	0.13	3.3253	1
MED13L	LOF	PF06333	1.0	0.041	6.2997	1
MED27	LOF	PF11571	1.6864e-06	1.082	1.7299	0
MEF2C	LOF	PF12347	1.0	0.212	4.8294	4
MEFV	LOF	PF13765	2.305e-19	1.147	-1.6136	80
MEGF10	LOF	PF07974	1e-12	0.707	2.0865	3
MEGF8	LOF	PF24981	1.2102e-27	0.696	2.1795	27
MEIS2	LOF	PF05920	1.0	0.255	3.428	13
MEN1	LOF	PF05053	1.0	0.206	4.2012	0
MFRP	LOF	PF00431	2.0484e-27	1.307	-0.95615	35
MFSD8	LOF	PF07690	7.5007e-11	1.005	1.2317	6
MID1	LOF	PF22586				80
MIP	DN	PF00230	0.010148	0.942	1.8738	23
MITF	LOF	PF11851	0.99203	0.482	1.0386	3
MKKS	LOF	PF00118	9.952e-11	1.112	0.52022	13
MKS1	LOF	PF07162	1.0926e-19	0.991	0.89475	2
MLH1	LOF	PF01119	0.00086326	0.639	1.0943	3
MMP21	LOF	PF00045	4.2098e-14	1.22	-0.66149	23
MNX1	LOF	PF00046	0.84711	0.634	-1.1528	0
MOCS1	LOF	PF01967	1.2794e-09	0.887	0.64789	0
MORC2	GOF	PF23327	1.0	0.3	4.4514	1
MPDU1	LOF	PF04193	1.406e-05	0.984	0.73016	1
MPI	LOF	PF01238	9.3378e-10	1.04	0.59212	0
MPV17	LOF	PF04117	1.4056e-10	1.368	0.72753	3
MRAP	LOF	PF15183	0.0032169	1.44	-0.18356	0
MRAS	GOF	PF00071	0.99089	0.444	2.6024	35
MSH2	LOF	PF01624	4.5659e-06	0.672	-2.8782	4
MSH6	LOF	PF01624	7.9694e-20	0.841	-3.8555	4
MSL2	LOF	PF16682	1.0	0.169	3.003	0
MSL3	LOF	PF05712				3
MSX1	LOF	PF00046	0.00066306	1.289	-1.4494	1
MSX2	LOF	PF00046	0.0093402	1.013	0.18263	1
MTFMT	LOF	PF02911	5.42e-12	1.304	-1.0597	0
MTM1	LOF	PF02893				13
MTOR	GOF	PF02259	1.0	0.268	9.505	5
MVK	LOF	PF08544	9.1415e-10	0.985	2.0515	2
MYBPC3	LOF	PF00041	5.3289e-28	0.915	0.10236	11
MYCN	LOF	PF00010	0.99969	0.311	0.08095	2
MYF5	LOF	PF01586	1.6674e-06	1.269	-0.081277	3
MYH3	LOF	PF00063	9.1337e-16	0.604	4.6656	44
MYH8	LOF	PF00063	1.0217e-37	0.783	3.2291	44
MYH9	DN	PF00063	1.0	0.159	6.1402	44
MYLK	LOF	PF16620	1.1732e-12	0.604	3.1672	4
MYO15A	LOF	PF00373	2.3858e-82	0.889	0.29742	44
MYO5A	LOF	PF01843	0.9951	0.461	5.1524	44
MYO7A	LOF	PF21998	2.4072e-62	0.995	0.076546	44
MYOC	DN	PF02191	8.5144e-11	1.343	1.1937	9
MYRF	LOF	PF13888	1.0	0.215	3.5595	1
MYT1L	LOF	PF08474	1.0	0.085	5.5286	5
NAA10	LOF	PF00583				4
NAA15	LOF	PF12569	0.99885	0.438	2.7709	2
NACC1	GOF	PF10523	0.99995	0.329	3.9547	28
NAGLU	LOF	PF05089	2.3821e-09	1.029	0.096459	0
NALCN	LOF	PF00520	2.4439e-10	0.579	6.7689	26
NANS	LOF	PF03102	6.5759e-07	1.053	1.4417	0
NARS2	LOF	PF00152	1.8081e-08	1.253	0.13303	4
NBAS	LOF	PF22913	2.4931e-43	0.761	0.22195	0
NBEA	LOF	PF02138	1.0	0.137	5.4616	7
NDP	LOF	PF00007				0
NDUFA1	LOF	PF15879				0
NDUFA12	LOF	PF05071	3.4682e-05	1.188	0.083702	0
NDUFA6	LOF	PF13233	0.0010099	1.523	0.23712	0
NDUFA8	LOF	PF06747	0.00059673	1.108	0.71795	0
NEB	LOF	PF00880	5.309e-52	0.597	2.2497	4
NEK1	LOF	PF00069	9.1878e-23	0.959	0.90172	8
NEK8	LOF	PF00069	1.7709e-11	0.835	1.8875	16
NEU1	LOF	PF13088	4.2346e-10	1.045	2.2717	3
NF1	LOF	PF13716	0.99946	0.449	8.4243	10
NF2	LOF	PF00769	1.0	0.187	2.853	6
NFE2L2	GOF	PF03131	0.5022	0.575	2.2152	3
NFIA	LOF	PF00859	1.0	0.175	3.628	3
NFIB	LOF	PF00859	1.0	0.3	2.2398	3
NFIX	LOF	PF00859	1.0	0.092	5.3598	3
NHS	LOF	PF15273				3
NIPAL4	LOF	PF05653	4.5525e-05	1.037	1.1053	5
NIPBL	LOF	PF12765	1.0	0.057	6.6991	0
NKX2-1	LOF	PF00046	0.9636	0.522	0.57315	13
NKX2-5	DN	PF00046	0.99954	0.321	0.35138	13
NKX6-2	LOF	PF00046	8.897e-07	1.68	-1.8227	13
NLGN3	LOF	PF00135				13
NLGN4X	LOF	PF00135				13
NLRP2	LOF	PF13516	7.8103e-36	1.232	-1.0505	20
NLRP3	GOF	PF14484	9.769e-06	0.639	3.5159	20
NOD2	GOF	PF00619	2.3754e-22	1.033	0.92884	20
NOG	LOF	PF05806	0.99555	0.367	1.4066	0
NONO	LOF	PF08075				7
NOTCH1	LOF	PF00023	1.0	0.217	3.6962	7
NOTCH2	GOF	PF00023	1.0	0.151	6.0469	7
NOTCH3	GOF	PF00023	1.5089e-07	0.566	1.8748	7
NPHP3	LOF	PF25022	1.4471e-21	0.873	0.91316	5
NPHP4	LOF	PF26015	1.9288e-50	1.183	-0.325	0
NPHS1	LOF	PF08205	1.6386e-26	0.871	1.0229	3
NPHS2	LOF	PF01145	9.7871e-12	1.319	0.04525	4
NPR2	LOF	PF01094	0.44949	0.517	4.5979	17
NPRL2	LOF	PF06218	0.5771	0.564	2.0745	0
NPRL3	LOF	PF24064	0.064111	0.653	0.39418	0
NR0B1	LOF	PF00104				1
NR2E3	LOF	PF00104	7.8371e-15	1.47	-0.87685	11
NR2F1	LOF	PF00104	1.0	0.133	4.6926	11
NR2F2	LOF	PF00104	1.0	0.197	4.2064	11
NR3C1	DN	PF02155	1.0	0.294	3.0576	8
NR3C2	DN	PF00104	1.0	0.268	2.9983	8
NR4A2	LOF	PF00104	1.0	0.093	2.3057	2
NR5A1	DN	PF00104	0.99998	0.314	2.4175	1
NRAS	GOF	PF00071	0.93745	0.55	2.2441	35
NRL	LOF	PF03131	1.863e-11	1.917	-0.57486	6
NRROS	LOF	PF00560	0.10908	0.909	0.92352	22
NSD1	LOF	PF17907	1.0	0.144	5.7561	19
NSD2	LOF	PF17907	1.0	0.139	5.6661	19
NSDHL	LOF	PF01073				10
NUBPL	LOF	PF10609	0.00035866	0.896	-0.40778	2
NUS1	LOF	PF01255	0.99945	0.182	1.0355	0
NYX	LOF	PF13855				22
OCA2	LOF	PF03600	1.9006e-14	0.869	0.96565	5
OCLN	LOF	PF01284	0.016764	0.728	2.0729	5
OCRL	LOF	PF22669				13
OFD1	LOF	PF16045				0
OGT	LOF	PF13844				14
OPA1	LOF	PF00350	0.92269	0.503	2.7012	7
OPA3	LOF	PF07047	0.00025087	1.92	0.53825	0
OPHN1	LOF	PF16746				3
OPN1LW	LOF	PF00001				9
OTC	LOF	PF00185				2
OTOF	LOF	PF00168	5.4095e-65	1.017	1.1131	4
OTX2	DN	PF00046	0.9998	0.324	1.6615	50
PACS1	GOF	PF25332	1.0	0.3	3.883	1
PAFAH1B1	LOF	PF24951	1.0	0.1	3.7117	26
PAK1	GOF	PF00786	0.05959	0.705	3.8202	44
PAK3	GOF	PF00786				57
PALB2	LOF	PF16756	1.2379e-19	0.9	0.8204	0
PARN	LOF	PF04857	0.002465	0.918	-0.2312	2
PAX1	LOF	PF00292	0.00067656	0.86	-2.1968	50
PAX2	LOF	PF00292	0.99743	0.451	1.8762	50
PAX3	LOF	PF00046	0.99985	0.409	1.8017	50
PAX6	LOF	PF00046	1.0	0.226	3.2634	50
PAX8	DN	PF00292	0.99965	0.415	0.63944	50
PAX9	LOF	PF00292	0.99608	0.435	0.92775	50
PBX1	LOF	PF05920	1.0	0.212	4.3043	13
PCCB	LOF	PF01039	0.00011332	0.843	-0.96306	1
PCDH15	LOF	PF00028	8.4349e-24	0.819	-0.14461	61
PCDH19	LOF	PF00028				61
PCNT	LOF	PF10495	1.9599e-84	0.943	-0.4558	1
PCSK9	GOF	PF05922	1.1172e-20	1.25	0.58699	9
PDE4D	DN	PF18100	0.9999	0.403	2.3461	20
PDE6A	LOF	PF01590	5.867e-17	0.888	0.89523	20
PDE6B	GOF	PF01590	7.3529e-27	1.238	-0.08566	20
PDGFRA	GOF	PF07679	1.0	0.264	3.4194	53
PDGFRB	GOF	PF00047	0.93843	0.504	2.8591	53
PDHA1	LOF	PF00676				2
PDYN	DN	PF01160	0.49225	0.769	-0.016187	2
PDZD7	LOF	PF00595	2.6173e-21	1.057	-0.9797	2
PET100	LOF	PF09803	9.3657e-06	1.597	0.11154	0
PEX1	LOF	PF00004	3.6437e-11	0.746	1.6893	5
PEX10	LOF	PF04757	9.5794e-11	1.234	-0.87849	0
PEX12	LOF	PF04757	2.7901e-10	1.218	1.4467	0
PEX16	LOF	PF08610	9.9638e-10	0.957	0.5051	0
PEX19	LOF	PF04614	1.7331e-08	1.066	-0.14804	0
PEX2	LOF	PF04757	1.7994e-05	1.057	0.43329	0
PEX26	LOF	PF07163	0.00037786	0.893	-0.068794	0
PEX6	LOF	PF00004	1.1594e-11	0.799	1.3471	5
PEX7	LOF	PF00400	0.0018388	0.941	-0.56812	9
PGAP2	LOF	PF10277	0.00010679	0.871	1.6257	0
PGAP3	LOF	PF04080	9.5295e-10	1.147	-0.46076	0
PGK1	LOF	PF00162				1
PHACTR1	DN	PF02755	1.0	0.336	3.2031	3
PHEX	LOF	PF01431				6
PHF6	LOF	PF13771				3
PHIP	LOF	PF00439	1.0	0.246	4.4459	2
PHOX2B	DN	PF00046	0.99227	0.349	1.2908	50
PIDD1	LOF	PF00531	4.3995e-26	1.237	-1.6597	31
PIEZO1	LOF	PF12166	3.0062e-100	1.17	-10.0	1
PIEZO2	LOF	PF12166	2.1757e-15	0.563	3.0264	1
PIGA	LOF	PF00534				3
PIGB	LOF	PF03901	0.00032992	1.098	0.011228	2
PIGG	LOF	PF01663	9.856e-20	1.11	0.044817	0
PIGH	LOF	PF10181	0.00031596	1.778	0.28956	0
PIGK	LOF	PF01650	0.011288	1.915	-0.75381	1
PIGL	LOF	PF02585	9.8416e-05	1.239	0.40863	0
PIGN	LOF	PF01663	1.5077e-09	1.46	0.29539	0
PIGO	LOF	PF01663	1.7784e-16	0.89	2.1062	0
PIGS	LOF	PF10510	4.9218e-06	0.76	1.5894	0
PIGV	LOF	PF04188	1.771e-06	0.902	1.4008	0
PIK3CA	GOF	PF00454	1.0	0.221	6.1494	9
PIK3CD	GOF	PF00454	1.0	0.23	6.3956	9
PIK3R2	GOF	PF16454	1.6831e-07	0.76	0.60953	2
PIKFYVE	LOF	PF00118	1.2773e-06	0.523	3.5575	13
PITX1	LOF	PF00046	0.88196	0.575	0.84465	50
PITX2	LOF	PF00046	0.99745	0.41	2.2361	50
PJVK	LOF	PF04598	2.6728e-09	1.174	0.49155	4
PKD1	LOF	PF00059	1.0	0.364	-5.6666	10
PKD2	LOF	PF18109	0.00018979	0.683	1.0272	12
PKHD1	LOF	PF13229	2.8316e-48	0.783	1.7677	36
PLCB1	LOF	PF17787	1.0	0.357	3.7087	14
PLCG2	GOF	PF00168	0.9987	0.461	-0.641	14
PLOD1	LOF	PF03171	5.4923e-15	0.938	1.0078	5
PLP1	LOF	PF01275				2
PLPBP	LOF	PF01168	5.3167e-06	1.049	0.913	0
PNPLA2	LOF	PF01734	2.7218e-09	1.221	-2.1674	4
PNPLA8	LOF	PF01734	0.00092603	0.775	0.27785	0
POC1A	LOF	PF00400	1.0342e-06	0.988	1.266	26
POC1B	LOF	PF00400	2.3222e-07	0.967	0.31956	26
POGZ	LOF	PF03184	1.0	0.198	4.1479	12
POLA1	LOF	PF12254				3
POLE	LOF	PF03104	2.7396e-38	0.75	2.6706	0
POLG	LOF	PF18136	2.1691e-26	0.847	-0.43598	0
POLR1A	LOF	PF04997	0.90613	0.479	4.9844	2
POLR1D	LOF	PF13656	0.0035229	1.63	0.37535	3
POMGNT2	LOF	PF04577	1.3012e-08	1.279	0.95758	1
POMK	LOF	PF07714	9.6147e-07	1.122	0.75433	0
POMT1	LOF	PF02815	7.2486e-26	1.002	1.1362	3
POMT2	LOF	PF02815	3.911e-20	0.944	-0.12705	3
PORCN	LOF	PF03062				5
POU1F1	LOF	PF00046	0.00040797	0.924	0.74965	17
POU3F3	GOF	PF00046	0.95144	0.482	-0.10336	17
POU4F1	LOF	PF00046	0.62594	0.713	1.115	17
PPARG	DN	PF00104	0.21436	0.628	3.1059	18
PPP1R21	LOF	PF10205	3.1806e-19	1.029	-2.6565	0
PPP2CA	DN	PF00149	0.99995	0.315	5.568	12
PPP2R1A	DN	PF02985	1.0	0.345	5.4265	2
PPP2R5D	DN	PF01603	1.0	0.234	4.916	4
PPP3CA	GOF	PF00149	1.0	0.243	4.5031	12
PRCD	LOF	PF15201	1.2465e-05	1.841	0.42188	0
PRIM1	LOF	PF01896	0.00079834	0.824	1.2394	0
PRKAR1A	GOF	PF00027	1.0	0.158	4.1536	4
PRNP	DN	PF00377	0.00032327	1.036	1.4439	0
PROM1	LOF	PF05478	1.2262e-27	1.104	-1.0319	1
PROP1	LOF	PF00046	0.013593	0.87	0.36634	50
PRPF31	LOF	PF01798	1.0	0.347	3.3838	0
PRPF4	DN	PF08799	1.0	0.294	2.8975	0
PRPH2	LOF	PF00335	0.0060809	0.773	0.58257	32
PRPS1	LOF	PF14572				4
PRRT2	LOF	PF04505	0.65632	0.633	-0.24908	4
PRSS1	GOF	PF00089	2.2086e-08	1.301	-1.5604	3
PRSS56	LOF	PF00089	3.8589e-16	1.11	-1.1646	1
PRUNE1	LOF	PF01368	5.9061e-05	0.902	1.7048	0
PSEN1	GOF	PF01080	0.99951	0.425	3.1063	1
PSEN2	GOF	PF01080	3.9828e-07	0.85	1.3643	1
PSTPIP1	DN	PF00611	5.9235e-26	1.42	-1.6926	5
PTCH1	LOF	PF12349	1.0	0.146	3.1493	10
PTDSS1	GOF	PF03034	5.0589e-08	0.776	2.9334	1
PTEN	LOF	PF10409	0.048668	0.685	4.1195	6
PTH	LOF	PF01279	0.047138	1.32	0.56473	0
PTH1R	LOF	PF00002	0.00019329	0.667	1.9767	42
PTHLH	LOF	PF01279	0.92926	0.558	0.32316	0
PTPN11	GOF	PF00017	1.0	0.156	4.9526	35
PUF60	LOF	PF00076	1.0	0.295	4.927	24
PURA	LOF	PF04845	0.99996	0.138	4.4455	2
PXDN	LOF	PF03098	1.9752e-10	0.677	1.5421	5
PYROXD1	LOF	PF07992	3.8839e-05	1.107	1.0218	7
QRICH1	LOF	PF12012	1.0	0.261	3.7909	18
RAB11B	DN	PF00071	0.66811	0.657	2.4822	136
RAB39B	LOF	PF00071				68
RAB3GAP1	LOF	PF19533	5.1538e-17	0.798	2.0402	0
RAB3GAP2	LOF	PF14656	0.00071117	0.535	1.9223	0
RAD21	LOF	PF04824	1.0	0.341	3.6539	2
RAD51	DN	PF14520	0.99531	0.467	3.6487	6
RAF1	GOF	PF00130	1.0	0.353	3.4281	35
RAI1	LOF	PF13771	1.0	0.129	2.4299	13
RAPSN	LOF	PF10579	6.3937e-10	1.092	0.095373	6
RARS1	LOF	PF03485	1.1875e-16	1.079	0.46413	1
RARS2	LOF	PF05746	1.92e-12	0.886	0.51421	1
RASA1	LOF	PF00168	1.0	0.3	3.6029	10
RAX	LOF	PF00046	0.00058285	1.197	-1.0259	64
RAX2	LOF	PF00046	0.05374	1.525	-1.2231	50
RB1	LOF	PF11934	1.0	0.239	2.32	2
RBP4	DN	PF00061	0.86966	0.575	0.86717	0
RDH12	LOF	PF00106	0.0011151	0.862	0.34929	25
RDH5	LOF	PF00106	7.1356e-11	1.3	1.0359	25
REEP6	LOF	PF03134	1.875e-06	1.342	-0.94465	5
RERE	LOF	PF03154	0.99882	0.459	0.18278	1
RET	LOF	PF00028	1.0	0.24	2.6933	53
RFT1	LOF	PF04506	3.3169e-09	0.894	0.77387	0
RGS9	LOF	PF00610	4.4956e-14	0.876	0.72257	23
RHO	LOF	PF00001	5.0269e-05	0.91	1.4439	31
RINT1	LOF	PF04437	3.8414e-15	0.931	0.92023	0
RIPK4	LOF	PF12796	0.62495	0.577	2.2992	1
RIT1	GOF	PF00071	0.96123	0.523	1.5009	35
RLBP1	LOF	PF00650	1.0689e-06	0.954	0.01579	3
RNF13	GOF	PF02225	0.58532	0.813	0.65081	9
ROR2	LOF	PF01392	0.3497	0.543	1.2805	71
RORA	LOF	PF00104	1.0	0.207	2.3246	18
RP1	LOF	PF03607	7.8806e-07	1.447	0.35131	3
RP1L1	LOF	PF03607	3.1979e-13	1.944	-10.89	1
RP2	LOF	PF07986				0
RPE65	LOF	PF03055	2.7238e-16	0.998	0.29164	2
RPGR	LOF	PF25390				9
RPIA	LOF	PF06026	3.0875e-07	1.019	0.15543	0
RPS17	LOF	PF00833	0.99969	0.17	3.1938	0
RPS19	LOF	PF01090	0.99966	0.239	2.3157	0
RPS24	LOF	PF01282	0.99945	0.182	1.6762	0
RPS26	LOF	PF01283	0.99588	0.32	2.7399	0
RPS6KA3	LOF	PF00069				7
RRAS2	GOF	PF00071	0.031055	1.246	0.74888	35
RRM2B	LOF	PF00268	0.27091	0.688	1.1926	1
RS1	LOF	PF00754				1
RSPH1	LOF	PF02493	0.0046663	0.81	-0.070045	7
RSPO4	LOF	PF15913	1.6255e-08	1.327	-0.77282	3
RSPRY1	LOF	PF00622	0.99768	0.445	3.0301	1
RTEL1	LOF	PF23109	1.271e-13	0.661	-1.5797	3
RUNX2	LOF	PF00853	0.99998	0.352	1.7904	2
RXYLT1	LOF	PF24785	2.146e-12	1.09	0.29672	0
RYR1	LOF	PF08709	2.293e-56	0.644	4.0067	5
RYR2	GOF	PF13499	1.0	0.424	6.4389	5
SALL4	LOF	PF00096	1.0	0.184	2.7099	14
SAMD9	GOF	PF00536	0.026071	1.773	2.6855	1
SAMHD1	LOF	PF01966	2.4032e-07	0.889	1.5222	0
SATB2	LOF	PF02376	1.0	0.077	5.5263	1
SBF2	LOF	PF02141	5.3214e-09	0.591	2.2041	13
SCN10A	GOF	PF00520	7.6186e-48	1.058	0.16322	26
SCN11A	GOF	PF00520	3.9782e-18	0.834	1.8029	26
SCN1A	GOF	PF00520	1.0	0.098	7.6177	26
SCN2A	GOF	PF00520	1.0	0.161	8.7269	26
SCN3A	GOF	PF00520	1.0	0.348	6.3712	26
SCN4A	GOF	PF00520	2.0645e-10	0.628	2.2392	26
SCN5A	LOF	PF00520	1.0	0.372	4.8452	26
SCN8A	DN	PF00520	1.0	0.189	10.451	26
SCN9A	GOF	PF00520	8.0099e-23	0.855	1.2545	26
SCO2	LOF	PF02630	0.011755	1.761	-1.4378	1
SCUBE3	LOF	PF12662	1.0	0.402	3.1941	2
SCYL1	LOF	PF00069	2.4204e-28	1.158	1.0959	28
SDHA	LOF	PF00890	3.3694e-08	0.786	2.306	0
SDHB	LOF	PF13085	0.027807	0.741	0.43592	0
SDHC	LOF	PF01127	0.048191	0.892	1.5652	0
SDHD	LOF	PF05328	0.90513	0.581	0.80794	0
SEC23B	LOF	PF00626	1.5717e-18	1.008	1.252	1
SELENOI	LOF	PF01066	0.0018885	0.832	1.8533	2
SET	LOF	PF00956	0.99973	0.167	3.2081	19
SETD1A	LOF	PF11764	1.0	0.279	1.8252	19
SETD1B	LOF	PF11764	1.0	0.109	3.1658	19
SETD2	LOF	PF17907	1.0	0.176	4.1571	19
SETD5	LOF	PF00856	1.0	0.376	2.0399	1
SF3B4	LOF	PF00076	0.99997	0.259	4.1898	24
SFTPC	GOF	PF04089	0.0031214	1.0	1.0693	0
SH2D1A	LOF	PF00017				13
SHANK2	LOF	PF12796	0.99999	0.417	3.1048	2
SHANK3	LOF	PF12796	0.99995	0.428	-1.37	2
SHH	DN	PF01085	0.97518	0.493	0.50243	2
SHOC2	GOF	PF23598	1.0	0.201	3.7919	31
SHOX	LOF	PF00046				50
SIK1	GOF	PF00069				17
SIL1	LOF	PF08609	2.4121e-11	1.023	1.3969	1
SIN3A	LOF	PF02671	1.0	0.14	5.1667	1
SIX1	LOF	PF05920	0.25564	0.692	1.0287	6
SIX3	LOF	PF00046	0.99311	0.387	1.5772	6
SIX6	LOF	PF00046	0.0023883	0.921	0.62234	6
SKIC2	LOF	PF00270				8
SLC10A7	LOF	PF13593	1.9084e-05	0.966	2.0895	0
SLC12A6	LOF	PF00324	0.01086	0.621	3.127	8
SLC13A5	LOF	PF00939	0.70034	0.549	1.5418	5
SLC16A2	LOF	PF07690				13
SLC17A5	LOF	PF07690	1.1116e-09	1.065	1.1844	12
SLC19A3	LOF	PF01770	1.2033e-07	0.968	0.51867	2
SLC22A5	LOF	PF00083	8.4286e-10	0.963	0.86805	22
SLC24A4	LOF	PF01699	5.3093e-10	0.862	1.2877	4
SLC24A5	LOF	PF01699	3.6963e-12	1.162	0.82507	4
SLC25A1	LOF	PF00153	2.362e-07	1.034	0.25155	49
SLC25A13	LOF	PF00153	5.0062e-18	0.937	1.1534	49
SLC25A15	LOF	PF00153	1.026e-06	1.026	1.3292	49
SLC25A20	LOF	PF00153	4.4499e-08	1.052	1.0624	49
SLC25A26	LOF	PF00153	0.016298	1.109	-1.2033	49
SLC25A38	LOF	PF00153	8.6507e-08	1.053	1.1311	49
SLC25A46	LOF	PF00153	7.2891e-06	1.375	-0.7483	0
SLC26A2	LOF	PF01740	3.7099e-11	1.091	1.4995	9
SLC27A4	LOF	PF00501	0.00053967	0.661	1.1324	12
SLC2A1	LOF	PF00083	1.0	0.139	4.6812	13
SLC2A10	LOF	PF00083	4.779e-08	1.087	0.66325	13
SLC2A2	LOF	PF00083	5.1541e-06	0.858	1.5839	13
SLC33A1	LOF	PF13000	0.91612	0.555	2.228	1
SLC35A2	LOF	PF04142				4
SLC35C1	LOF	PF03151	0.58493	0.664	0.848	9
SLC35D1	LOF	PF03151	4.2354e-06	0.981	0.40697	9
SLC37A4	LOF	PF07690	1.945e-14	1.252	0.13179	12
SLC38A3	LOF	PF01490	0.99947	0.433	2.9003	15
SLC38A8	LOF	PF01490	2.0536e-29	1.676	-6.0508	15
SLC39A14	LOF	PF02535	0.37345	0.592	2.8811	6
SLC39A4	LOF	PF21116	7.5913e-18	1.262	-2.3602	6
SLC39A8	LOF	PF02535	0.62115	0.602	1.1838	6
SLC40A1	LOF	PF06963	0.999	0.445	2.5155	0
SLC45A2	LOF	PF07690	1.8671e-10	1.022	-0.15802	3
SLC46A1	LOF	PF07690	0.0010626	0.865	0.87996	2
SLC4A11	LOF	PF00955	9.2641e-19	0.897	1.6142	9
SLC52A2	LOF	PF06237	0.00025725	0.955	-0.37355	2
SLC52A3	LOF	PF06237	2.5009e-06	1.012	1.0335	2
SLC5A5	LOF	PF00474	1.3394e-14	1.002	0.60238	12
SLC6A1	LOF	PF00209	1.0	0.153	4.9313	19
SLC6A3	LOF	PF00209	0.99999	0.393	2.9473	19
SLC6A5	LOF	PF00209	6.4274e-09	0.757	0.25685	38
SLC6A8	LOF	PF00209				19
SLITRK6	LOF	PF13855	2.7526e-07	0.812	0.68303	25
SMAD3	LOF	PF03165	0.99998	0.373	4.3603	7
SMAD4	LOF	PF03165	1.0	0.227	4.9422	7
SMAD9	GOF	PF03165	1.5457e-09	1.018	0.83595	7
SMARCA4	LOF	PF07533	1.0	0.226	8.811	30
SMARCAL1	LOF	PF07443	5.0365e-12	0.795	1.7809	30
SMARCB1	LOF	PF21459	1.0	0.221	4.8624	0
SMARCC2	LOF	PF00249	1.0	0.167	4.8274	3
SMARCE1	LOF	PF00505	0.99994	0.318	2.7817	20
SMC1A	LOF	PF06470				7
SMCHD1	GOF	PF13589	1.0	0.342	3.9782	0
SMG8	LOF	PF10220	8.6251e-08	0.726	2.8653	0
SMOC1	LOF	PF07648	0.17366	0.6	1.0146	1
SMS	LOF	PF17284				2
SNAP25	LOF	PF00835	0.99953	0.29	3.1978	3
SNCA	GOF	PF01387	0.79673	0.691	1.1478	2
SNX14	LOF	PF08628	4.2755e-12	0.853	1.5737	3
SON	LOF	PF14709	1.0	0.051	2.5949	0
SOS1	GOF	PF00617	1.0	0.288	2.3433	24
SOX10	LOF	PF00505	0.99999	0.248	2.8852	20
SOX11	LOF	PF00505	0.08649	1.148	1.4861	20
SOX2	LOF	PF00505	0.99931	0.302	2.9769	20
SOX5	LOF	PF00505	1.0	0.204	3.8086	20
SOX6	LOF	PF00505	1.0	0.165	3.2951	20
SOX9	LOF	PF00505	1.0	0.154	1.6558	20
SPAG1	LOF	PF13877	2.1275e-11	1.084	0.55923	18
SPAST	GOF	PF00004	0.11467	0.69	0.23048	9
SPATA7	LOF	PF15244	6.0519e-09	1.22	0.44768	0
SPEN	LOF	PF20809	1.0	0.094	5.1216	7
SPG11	LOF	PF14649	2.0022e-51	0.852	-0.6997	0
SPINT2	LOF	PF00014	0.0001066	0.935	1.1142	13
SPR	LOF	PF00106	5.9067e-06	1.528	-0.70049	33
SPRED1	LOF	PF05210	0.98383	0.496	1.4209	5
SPTAN1	DN	PF13499	1.0	0.222	7.9475	36
SPTBN1	LOF	PF00307	1.0	0.159	5.9038	36
SPTBN2	DN	PF00307	0.9987	0.452	4.5181	36
SPTBN4	LOF	PF00307	1.3288e-05	0.529	0.64957	36
SRC	GOF	PF07714	0.99997	0.383	2.8596	32
SRY	LOF	PF00505				20
ST3GAL5	LOF	PF00777	0.0016954	0.736	1.4714	14
STAG1	LOF	PF24571	1.0	0.159	4.1712	3
STAG2	LOF	PF24571				2
STAT5B	LOF	PF00017	1.0	0.277	5.1347	6
STIL	LOF	PF25775	0.0050023	0.575	2.1726	0
STK11	LOF	PF00069	0.99991	0.364	1.4946	22
STRA6	LOF	PF14752	2.3028e-08	0.725	1.1287	1
STS	LOF	PF00884				16
STX1B	LOF	PF05739	0.99999	0.308	3.6087	12
STXBP1	LOF	PF00995	1.0	0.099	5.8468	7
SUFU	LOF	PF05076	1.0	0.214	3.1286	0
SURF1	LOF	PF02104	4.5412e-18	1.559	-1.3117	1
SUZ12	LOF	PF09733	1.0	0.344	4.0209	0
SYN1	LOF	PF02078				2
SYNGAP1	LOF	PF00168	1.0	0.127	7.6898	10
SYP	LOF	PF01284				3
SYT1	DN	PF00168	0.99999	0.332	4.0092	31
SYT2	DN	PF00168	0.68874	0.585	2.565	31
TAFAZZIN	LOF	PF01553				0
TAOK1	LOF	PF00069	1.0	0.216	5.9261	35
TAPT1	LOF	PF05346	0.13378	0.698	0.30244	0
TBC1D24	LOF	PF00566	8.508e-16	1.214	1.0973	0
TBCD	LOF	PF23579	2.6388e-20	0.763	0.89228	0
TBK1	DN	PF00069	0.97193	0.505	2.5679	3
TBL1XR1	LOF	PF08513	1.0	0.174	5.2951	2
TBR1	LOF	PF00907	1.0	0.246	3.0377	16
TBX18	LOF	PF00907	0.70069	0.56	-0.73569	16
TBX20	LOF	PF00907	0.9998	0.378	2.4629	16
TBX22	LOF	PF00907				16
TBX3	LOF	PF00907	0.99465	0.468	0.036562	16
TBX4	LOF	PF00907	0.99997	0.379	1.3665	16
TBX5	LOF	PF00907	1.0	0.267	1.6232	16
TCF12	LOF	PF00010	0.020297	0.609	0.31056	2
TCF20	LOF	PF13771	1.0	0.05	1.5158	1
TCF4	LOF	PF00010	1.0	0.096	4.5772	5
TCN2	LOF	PF01122	4.267e-08	0.888	-1.4942	2
TCOF1	LOF	PF03546	1.0	0.288	1.5329	0
TCTN3	LOF	PF25752	1.3321e-13	0.938	0.8676	2
TECPR2	LOF	PF23756	2.1398e-07	0.607	2.3384	1
TECTA	LOF	PF08742	1.9954e-20	0.661	2.4637	19
TEK	GOF	PF00041	1.0	0.368	2.8927	53
TERT	LOF	PF12009	0.0019285	0.593	3.0616	0
TET3	LOF	PF12851	1.0	0.213	3.5548	2
TFR2	LOF	PF02225	2.6889e-16	0.907	1.2952	5
TGDS	LOF	PF16363	1.7318e-05	1.184	0.8208	10
TGFB2	LOF	PF00019	0.99612	0.463	2.3626	31
TGFB3	LOF	PF00019	1.0	0.249	2.8651	31
TGFBR1	GOF	PF01064	0.96403	0.509	3.6549	11
TGFBR2	LOF	PF08917	0.90792	0.531	2.9468	11
TGIF1	LOF	PF05920	0.98151	0.477	1.4869	13
TGM5	LOF	PF00927	6.2413e-20	1.034	1.1937	8
THAP1	LOF	PF05485	0.90189	0.571	2.0539	7
THRA	LOF	PF00104	0.99892	0.439	4.6106	18
TIMP3	LOF	PF00965	0.46415	0.66	1.9483	3
TINF2	LOF	PF14973	0.0010977	0.688	1.3762	0
TMEM127	LOF	PF20517	1.6977e-08	1.587	0.17202	0
TMEM138	LOF	PF14935	0.22846	0.927	0.33136	0
TMEM165	LOF	PF01169	0.00011331	1.071	0.69446	0
TMEM222	LOF	PF05608	1.6996e-05	1.118	-0.41113	0
TMEM231	LOF	PF10149	2.6458e-09	1.41	-0.89711	0
TMEM260	LOF	PF11028	1.3893e-15	1.049	-0.54649	0
TMEM67	LOF	PF09773	3.1439e-18	1.079	1.1345	0
TMTC3	LOF	PF08409	1.0951e-06	0.721	2.0602	14
TNNI2	GOF	PF00992	0.010025	0.822	1.1774	2
TNNT2	DN	PF00992	0.0002824	0.683	2.1516	2
TNNT3	GOF	PF00992	2.5681e-08	0.866	1.0044	2
TNRC6B	LOF	PF10427	1.0	0.332	2.9401	5
TNXB	LOF	PF25024	7.7924e-31	0.674	3.0208	25
TOE1	LOF	PF04857	5.2565e-17	1.225	2.0223	2
TOGARAM1	LOF	PF21040	4.9374e-15	0.724	0.91768	3
TOR1A	LOF	PF21376	0.00098008	0.84	0.96185	4
TP53	LOF	PF00870	0.99798	0.449	1.1539	2
TP53RK	LOF	PF06293	1.6819e-07	1.776	-0.70958	0
TP63	LOF	PF00870	1.0	0.296	3.5197	2
TPM2	GOF	PF00261	6.6608e-06	0.87	3.3055	3
TPP2	LOF	PF00082	1.0	0.29	4.5833	9
TRAIP	LOF	PF13639	1.7835e-06	0.739	1.8702	0
TRAPPC2	LOF	PF04628				4
TRDN	LOF	PF05279	1.1258e-24	1.359	-1.0725	0
TRIM32	LOF	PF01436	0.0070294	0.73	1.7542	80
TRIO	GOF	PF13716	1.0	0.217	4.6931	22
TRIP12	LOF	PF00632	1.0	0.145	6.366	24
TRIP4	LOF	PF04266	4.2173e-10	0.802	0.45807	0
TRPA1	GOF	PF00023	2.7043e-24	1.063	1.0926	0
TRPC3	GOF	PF12796	3.4207e-09	0.751	3.1086	5
TRPM4	GOF	PF00520	1.4032e-39	1.084	-0.097407	7
TRPV3	GOF	PF00023	2.6489e-28	1.235	-0.007152	5
TRPV4	GOF	PF00023	6.1123e-13	0.824	3.5725	5
TSC1	LOF	PF04388	1.0	0.227	3.7116	0
TSC2	LOF	PF11864	1.0	0.203	0.17171	2
TSEN54	LOF	PF12928	2.7307e-19	1.258	-1.4479	0
TSHR	GOF	PF00001	7.345e-14	1.012	1.3233	2
TSPAN12	LOF	PF00335	0.14188	0.655	1.2581	32
TTC12	LOF	PF00515	2.9007e-13	0.934	0.59965	18
TTC5	LOF	PF16669	1.7933e-11	1.034	0.48848	0
TTLL5	LOF	PF03133	1.2848e-30	0.888	0.90487	12
TTN	LOF	PF00041	1.3925e-89	0.479	7.0514	0
TTR	GOF	PF00576	0.01296	1.049	1.5504	1
TUBA4A	DN	PF00091	7.9956e-06	0.945	5.0015	23
TUBB2B	DN	PF00091	0.99983	0.338	6.9742	23
TUBB4A	GOF	PF00091	0.60434	0.604	5.131	23
TUSC3	LOF	PF04756	5.0694e-15	1.31	-1.1313	1
TWIST1	LOF	PF00010	0.0067806	1.451	-0.22258	13
TWIST2	DN	PF00010	0.79374	0.714	0.22963	13
TYR	LOF	PF00264	1.1138e-21	1.346	-0.8461	2
UBE2A	LOF	PF00179				24
UBE3A	LOF	PF16558	1.0	0.139	6.9548	24
UBE3B	LOF	PF00632	6.4844e-11	0.675	2.1522	24
UGT1A1	LOF	PF00201	1.8823e-09	1.04	0.1863	21
UMOD	DN	PF23283	9.1231e-23	1.241	0.49359	5
UPF3B	LOF	PF03467				1
USH2A	LOF	PF00053	2.7327e-115	0.855	0.11215	27
USP27X	LOF	PF00443				71
USP45	LOF	PF00443	3.5556e-16	1.09	0.70067	71
USP7	LOF	PF22486	1.0	0.085	6.8707	71
USP9X	LOF	PF25010				71
UVSSA	LOF	PF09740	2.9612e-25	1.214	-1.8844	0
VAMP2	DN	PF00957	0.99957	0.176	1.7472	10
VAPB	DN	PF00635	0.52375	0.699	0.69832	1
VHL	LOF	PF01847	0.0019543	0.987	-1.1373	1
VIPAS39	LOF	PF04840	3.0665e-15	0.87	1.9934	0
VLDLR	LOF	PF07645	6.079e-18	0.828	-0.99818	14
VMA12	LOF	PF11712				0
VMA22	LOF	PF21730				0
VPS33B	LOF	PF00995	3.587e-22	0.971	1.0991	7
VPS4A	DN	PF00004	0.3968	0.585	2.2323	9
VPS53	LOF	PF16854	1.0426e-13	0.773	1.8529	0
VSX2	LOF	PF00046	4.2463e-10	1.35	-1.2474	50
WASHC5	LOF	PF10266	5.0212e-14	0.792	2.5246	0
WDFY3	LOF	PF23295	1.0	0.2	7.7015	7
WDR11	LOF	PF23751	5.057e-08	0.617	2.3248	2
WDR19	LOF	PF23389	2.365e-23	0.833	1.2659	0
WDR35	LOF	PF23390	1.4176e-21	0.776	2.0052	5
WDR45	LOF	PF21032				3
WDR62	LOF	PF24780	1.0718e-25	0.806	1.767	26
WFS1	LOF	PF20053	1.7214e-39	1.64	-5.7089	0
WNK4	DN	PF24889	4.1738e-25	0.929	1.3811	6
WNT1	LOF	PF00110	0.0027318	0.957	0.33644	18
WNT10B	LOF	PF00110	8.2304e-08	1.097	1.0486	18
WNT7A	LOF	PF00110	0.0030533	0.807	1.6623	18
WRAP53	LOF	PF00400	0.0034137	0.645	1.1249	0
XPC	LOF	PF10403	1.2517e-20	1.023	0.46534	0
XPR1	DN	PF03124	0.99989	0.43	4.1397	0
XYLT2	LOF	PF02485	2.0234e-05	0.689	2.0684	8
YAP1	LOF	PF15238	1.0	0.212	1.3479	1
YRDC	LOF	PF01300	1.8417e-06	1.259	-1.219	0
YWHAG	GOF	PF00244	0.99994	0.204	3.8194	6
ZBTB11	LOF	PF00651	1.1535e-12	0.746	2.1183	38
ZBTB20	DN	PF00651	1.0	0.3	3.9575	36
ZC4H2	LOF	PF10146				0
ZDHHC9	LOF	PF01529				17
ZEB1	LOF	PF00096	1.0	0.339	2.8421	1
ZEB2	LOF	PF00096	1.0	0.114	5.6355	1
ZFYVE19	LOF	PF22586	2.1171e-14	1.029	-0.60345	13
ZFYVE26	LOF	PF01363	1.8546e-34	0.704	2.8433	13
ZIC1	GOF	PF00096	0.99991	0.306	2.8961	14
ZIC2	LOF	PF00096	0.96497	0.52	0.46995	14
ZIC3	LOF	PF00096				14
ZMIZ1	LOF	PF25527	1.0	0.22	4.147	5
ZMYND10	LOF	PF01753	1.0961e-14	1.008	1.9365	2
ZMYND11	LOF	PF00439	1.0	0.166	4.7337	5
ZNF148	LOF	PF00096	1.0	0.208	4.5888	36
ZNF335	LOF	PF00096	2.0988e-15	0.718	-0.54217	1
ZNF408	DN	PF21549	1.6457e-07	1.146	0.87539	51
ZNF469	LOF	PF00096	0.26375	1.711	-4.0028	0
