gene	mechanism	mechanism_3class	HI_score
AAAS	LOF	LOF	
AARS1	LOF	LOF	0.0
AASS	LOF	LOF	
ABCA12	LOF	LOF	
ABCA4	LOF	LOF	
ABCC6	LOF	LOF	
ABCC9	GOF	GOF	
ABCD1	LOF	LOF	3.0
ABHD12	LOF	LOF	
ABHD16A	LOF	LOF	
ABHD5	LOF	LOF	
ABL1	GOF	GOF	
ACAD9	LOF	LOF	
ACAN	LOF	LOF	
ACBD5	LOF	LOF	
ACBD6	LOF	LOF	
ACOX1	LOF	LOF	
ACSL4	LOF	LOF	
ACTB	GOF	GOF	0.0
ACTG1	GOF	GOF	
ACTL6B	LOF	LOF	
ACVR1	GOF	GOF	
ACVRL1	HI	LOF	3.0
ADA	LOF	LOF	
ADAM9	LOF	LOF	
ADAMTS10	LOF	LOF	
ADAMTS17	LOF	LOF	
ADAMTS18	LOF	LOF	
ADAMTS19	LOF	LOF	
ADAMTS2	LOF	LOF	
ADAMTSL2	LOF	LOF	
ADAMTSL4	LOF	LOF	
ADAR	LOF	LOF	
ADCY5	GOF	GOF	
ADGRG6	LOF	LOF	
ADGRV1	LOF	LOF	
ADNP	LOF	LOF	3.0
ADPRS	LOF	LOF	
AFF4	GOF	GOF	
AFG2A	LOF	LOF	
AFG3L2	LOF	LOF	
AGBL5	LOF	LOF	
AGK	LOF	LOF	
AGL	LOF	LOF	
AGPAT2	LOF	LOF	
AGTPBP1	LOF	LOF	
AHDC1	LOF	LOF	3.0
AHI1	LOF	LOF	
AIMP1	LOF	LOF	
AIP	LOF	LOF	
AIPL1	LOF	LOF	
AIRE	LOF	LOF	
AKT1	GOF	GOF	0.0
AKT3	GOF	GOF	
ALDH18A1	DN	DN	
ALG1	LOF	LOF	
ALG11	LOF	LOF	
ALG12	LOF	LOF	
ALG2	LOF	LOF	
ALG3	LOF	LOF	
ALG6	LOF	LOF	
ALG8	LOF	LOF	
ALG9	LOF	LOF	
ALK	GOF	GOF	0.0
ALMS1	LOF	LOF	
ALOX12B	LOF	LOF	
ALPK3	LOF	LOF	
ALPL	LOF	LOF	
ALS2	LOF	LOF	
ALX1	LOF	LOF	
ALX4	LOF	LOF	3.0
AMACR	LOF	LOF	
AMER1	LOF	LOF	
AMPD2	LOF	LOF	
ANAPC1	LOF	LOF	
ANK2	HI	LOF	3.0
ANKH	LOF	LOF	0.0
ANKRD17	LOF	LOF	3.0
ANTXR1	LOF	LOF	
AP1G1	LOF	LOF	
AP1S2	LOF	LOF	3.0
AP3B1	LOF	LOF	
AP3B2	LOF	LOF	
AP4B1	LOF	LOF	
AP4E1	LOF	LOF	
AP4S1	LOF	LOF	
APC	HI	LOF	3.0
APC2	LOF	LOF	
APOA1	LOF	LOF	
APOB	DN	DN	3.0
APOC2	LOF	LOF	
APTX	LOF	LOF	
AR	DN	DN	3.0
ARCN1	LOF	LOF	3.0
ARFGEF1	LOF	LOF	
ARFGEF2	LOF	LOF	
ARHGAP31	LOF	LOF	0.0
ARHGAP35	LOF	LOF	
ARHGEF9	LOF	LOF	3.0
ARID1A	HI	LOF	3.0
ARID1B	HI	LOF	3.0
ARID2	LOF	LOF	3.0
ARL2BP	LOF	LOF	
ARMC9	LOF	LOF	
ARSL	LOF	LOF	
ARX	LOF	LOF	3.0
ASPM	LOF	LOF	
ASRGL1	LOF	LOF	
ASXL1	LOF	LOF	3.0
ASXL2	LOF	LOF	0.0
ASXL3	LOF	LOF	3.0
ATAD3A	DN	DN	
ATF6	LOF	LOF	
ATG7	LOF	LOF	
ATL1	DN	DN	
ATL3	DN	DN	
ATOH7	LOF	LOF	
ATP1A2	GOF	GOF	
ATP1A3	GOF	GOF	
ATP2A2	GOF	GOF	
ATP2C1	LOF	LOF	
ATP6V0A2	LOF	LOF	
ATP6V0C	LOF	LOF	
ATP6V1B2	DN	DN	
ATP7A	LOF	LOF	3.0
ATP8B1	LOF	LOF	
ATR	LOF	LOF	
ATRX	LOF	LOF	3.0
ATXN7	DN	DN	
AUTS2	LOF	LOF	3.0
B3GALNT2	LOF	LOF	
B3GALT6	LOF	LOF	
B3GLCT	LOF	LOF	
B4GALT1	LOF	LOF	
B9D1	LOF	LOF	
BAG3	HI	LOF	3.0
BAP1	LOF	LOF	3.0
BARD1	LOF	LOF	3.0
BBIP1	LOF	LOF	
BBS1	LOF	LOF	
BBS10	LOF	LOF	
BBS12	LOF	LOF	
BCAP31	LOF	LOF	3.0
BCAS3	LOF	LOF	
BCL11A	HI	LOF	3.0
BCL11B	DN	DN	
BCOR	LOF	LOF	3.0
BEST1	LOF	LOF	
BFSP1	LOF	LOF	
BGN	LOF	LOF	
BHLHA9	DN	DN	
BICRA	LOF	LOF	
BLOC1S3	LOF	LOF	
BLOC1S6	LOF	LOF	
BMP2	LOF	LOF	
BMP4	LOF	LOF	3.0
BMPER	LOF	LOF	
BMPR1A	HI	LOF	3.0
BMPR1B	LOF	LOF	
BMPR2	DN	DN	3.0
BNC2	LOF	LOF	
BPNT2	LOF	LOF	
BPTF	LOF	LOF	3.0
BRAF	GOF	GOF	0.0
BRAT1	LOF	LOF	
BRCA2	LOF	LOF	3.0
BRD4	LOF	LOF	
BRF1	LOF	LOF	
BRIP1	LOF	LOF	3.0
BRPF1	LOF	LOF	3.0
BRSK2	LOF	LOF	3.0
BRWD3	LOF	LOF	3.0
BSCL2	LOF	LOF	
BSND	LOF	LOF	
BTD	LOF	LOF	
BUB1B	LOF	LOF	
C19ORF12	LOF	LOF	
C1R	GOF	GOF	
C1S	GOF	GOF	
C2CD3	LOF	LOF	
CA5A	LOF	LOF	
CABP2	LOF	LOF	
CABP4	LOF	LOF	
CACNA1A	GOF	GOF	3.0
CACNA1B	LOF	LOF	
CACNA1C	GOF	GOF	
CACNA1D	LOF	LOF	
CACNA1E	GOF	GOF	
CACNA1F	LOF	LOF	
CACNA1G	GOF	GOF	
CACNA2D4	LOF	LOF	
CALM3	DN	DN	0.0
CAMK2A	LOF	LOF	
CAMK2B	LOF	LOF	
CAMTA1	LOF	LOF	3.0
CAPN15	LOF	LOF	
CAPN5	GOF	GOF	
CARD14	GOF	GOF	0.0
CARS1	LOF	LOF	
CARS2	LOF	LOF	
CASK	LOF	LOF	
CASP10	DN	DN	
CBL	GOF	GOF	0.0
CC2D1A	LOF	LOF	
CC2D2A	LOF	LOF	
CCBE1	LOF	LOF	
CCDC32	LOF	LOF	
CCDC39	LOF	LOF	
CCDC40	LOF	LOF	
CCDC47	LOF	LOF	
CCDC8	LOF	LOF	
CCDC88C	LOF	LOF	
CCM2	LOF	LOF	
CCND2	GOF	GOF	
CCNO	LOF	LOF	
CCNQ	LOF	LOF	
CD151	LOF	LOF	
CDC14A	LOF	LOF	
CDC42	GOF	GOF	
CDC45	LOF	LOF	
CDC6	LOF	LOF	
CDC73	LOF	LOF	3.0
CDH1	HI	LOF	3.0
CDH23	LOF	LOF	
CDHR1	LOF	LOF	
CDK19	DN	DN	
CDK4	GOF	GOF	0.0
CDKL5	LOF	LOF	3.0
CDKN1B	LOF	LOF	3.0
CDKN1C	LOF	LOF	3.0
CDKN2A	LOF	LOF	3.0
CEBPA	LOF	LOF	0.0
CELF2	LOF	LOF	
CENPF	LOF	LOF	
CEP104	LOF	LOF	
CEP135	LOF	LOF	
CEP152	LOF	LOF	
CEP164	LOF	LOF	
CEP290	LOF	LOF	
CEP41	LOF	LOF	
CEP57	LOF	LOF	
CEP63	LOF	LOF	
CEP78	LOF	LOF	
CEP83	LOF	LOF	
CEP85L	LOF	LOF	
CERKL	LOF	LOF	
CERT1	GOF	GOF	0.0
CFAP298	LOF	LOF	
CFAP300	LOF	LOF	
CFAP410	LOF	LOF	
CFAP418	LOF	LOF	
CFC1	LOF	LOF	0.0
CHAMP1	LOF	LOF	
CHD1	LOF	LOF	
CHD2	LOF	LOF	3.0
CHD4	LOF	LOF	
CHD7	HI	LOF	3.0
CHD8	LOF	LOF	3.0
CHEK2	LOF	LOF	3.0
CHM	LOF	LOF	3.0
CHMP1A	LOF	LOF	
CHN1	GOF	GOF	
CHRDL1	LOF	LOF	3.0
CHRNA1	LOF	LOF	
CHRNA3	LOF	LOF	
CHRNA4	GOF	GOF	0.0
CHRNB1	LOF	LOF	
CHRNB2	GOF	GOF	
CHRNG	LOF	LOF	
CHST14	LOF	LOF	
CHST3	LOF	LOF	
CHSY1	LOF	LOF	
CHUK	LOF	LOF	
CIB2	LOF	LOF	
CIC	LOF	LOF	3.0
CISD2	LOF	LOF	
CKAP2L	LOF	LOF	
CLCN2	LOF	LOF	
CLCN7	LOF	LOF	
CLCNKB	LOF	LOF	
CLDN1	LOF	LOF	
CLDN14	LOF	LOF	
CLMP	LOF	LOF	
CLN3	LOF	LOF	
CLN5	LOF	LOF	
CLN6	LOF	LOF	
CLN8	LOF	LOF	
CLPB	LOF	LOF	
CLRN1	LOF	LOF	
CLTC	LOF	LOF	3.0
CNBP	DN	DN	
CNGA1	LOF	LOF	
CNGA3	GOF	GOF	
CNGB1	LOF	LOF	
CNGB3	LOF	LOF	
CNKSR2	LOF	LOF	3.0
CNNM2	LOF	LOF	
CNOT2	LOF	LOF	
CNOT3	LOF	LOF	0.0
CNPY3	LOF	LOF	
CNTNAP1	LOF	LOF	
CNTNAP2	LOF	LOF	
COA8	LOF	LOF	
COG1	LOF	LOF	
COG4	LOF	LOF	
COG5	LOF	LOF	
COG7	LOF	LOF	
COG8	LOF	LOF	
COL10A1	DN	DN	
COL11A1	LOF	LOF	
COL11A2	DN	DN	
COL13A1	LOF	LOF	
COL17A1	LOF	LOF	
COL18A1	LOF	LOF	
COL1A1	HI	LOF	3.0
COL1A2	LOF	LOF	0.0
COL25A1	LOF	LOF	
COL27A1	LOF	LOF	
COL2A1	DN	DN	3.0
COL3A1	DN	DN	3.0
COL4A1	DN	DN	
COL4A3	LOF	LOF	
COL4A4	LOF	LOF	
COL4A5	LOF	LOF	3.0
COL5A1	LOF	LOF	3.0
COL5A2	DN	DN	0.0
COL6A2	LOF	LOF	
COL6A3	LOF	LOF	
COL7A1	LOF	LOF	
COL9A1	LOF	LOF	0.0
COL9A2	LOF	LOF	0.0
COL9A3	DN	DN	
COLEC10	LOF	LOF	
COMP	DN	DN	
COPB2	LOF	LOF	
COQ2	LOF	LOF	
COQ4	LOF	LOF	
COQ9	LOF	LOF	
COX15	LOF	LOF	
COX16	LOF	LOF	
COX7B	LOF	LOF	
CPAMD8	LOF	LOF	
CPAP	LOF	LOF	
CPLANE1	LOF	LOF	
CRB1	LOF	LOF	
CRB2	LOF	LOF	
CREBBP	HI	LOF	3.0
CRLF1	LOF	LOF	
CRX	LOF	LOF	
CRYAA	LOF	LOF	
CRYAB	DN	DN	
CRYBA1	LOF	LOF	0.0
CRYBB1	LOF	LOF	
CRYBB2	LOF	LOF	0.0
CRYGC	LOF	LOF	0.0
CRYGD	LOF	LOF	
CRYGS	LOF	LOF	
CSF1R	LOF	LOF	
CSNK2A1	GOF	GOF	
CSNK2B	LOF	LOF	
CSPP1	LOF	LOF	
CSRP3	LOF	LOF	
CSTA	LOF	LOF	
CTBP1	LOF	LOF	
CTCF	LOF	LOF	3.0
CTDP1	LOF	LOF	
CTNNA2	LOF	LOF	
CTNNB1	LOF	LOF	3.0
CTNND1	LOF	LOF	
CTNND2	LOF	LOF	
CTNS	LOF	LOF	
CTU2	LOF	LOF	
CUL3	LOF	LOF	
CUL4B	LOF	LOF	3.0
CUL7	LOF	LOF	
CWC27	LOF	LOF	
CXCR4	DN	DN	
CYBB	LOF	LOF	3.0
CYFIP2	GOF	GOF	
CYLD	LOF	LOF	3.0
CYP27A1	LOF	LOF	
CYP2U1	LOF	LOF	
CYP4V2	LOF	LOF	
DCAF17	LOF	LOF	
DCC	LOF	LOF	
DCDC2	LOF	LOF	
DCHS1	LOF	LOF	
DCN	DN	DN	
DCX	LOF	LOF	3.0
DDB2	LOF	LOF	
DDHD1	LOF	LOF	
DDHD2	LOF	LOF	
DDX11	LOF	LOF	
DDX3X	LOF	LOF	3.0
DDX41	LOF	LOF	3.0
DEAF1	DN	DN	
DEGS1	LOF	LOF	
DENND5A	LOF	LOF	
DEPDC5	LOF	LOF	3.0
DHCR24	LOF	LOF	
DHCR7	LOF	LOF	
DHTKD1	LOF	LOF	
DICER1	HI	LOF	3.0
DKC1	LOF	LOF	
DLG3	LOF	LOF	3.0
DLG4	LOF	LOF	3.0
DLL3	LOF	LOF	
DLL4	LOF	LOF	
DMD	LOF	LOF	3.0
DMP1	LOF	LOF	
DMPK	DN	DN	
DNAAF11	LOF	LOF	
DNAAF19	LOF	LOF	
DNAAF3	LOF	LOF	
DNAAF4	LOF	LOF	
DNAAF6	LOF	LOF	
DNAH5	LOF	LOF	
DNAH9	LOF	LOF	
DNAJB6	DN	DN	0.0
DNM1	DN	DN	
DNM1L	DN	DN	
DNMT3A	GOF	GOF	3.0
DOCK2	LOF	LOF	
DOCK6	LOF	LOF	
DOCK7	LOF	LOF	
DOLK	LOF	LOF	
DPF2	DN	DN	
DPM1	LOF	LOF	
DPM3	LOF	LOF	
DRAM2	LOF	LOF	
DRC1	LOF	LOF	
DRC2	LOF	LOF	
DRC4	LOF	LOF	
DSG1	LOF	LOF	
DSG4	LOF	LOF	
DSP	LOF	LOF	3.0
DSPP	LOF	LOF	0.0
DSTYK	LOF	LOF	
DTNBP1	LOF	LOF	
DVL1	GOF	GOF	
DVL3	DN	DN	
DYM	LOF	LOF	
DYNC1I2	LOF	LOF	
DYNC2H1	LOF	LOF	
DYNC2I1	LOF	LOF	
DYRK1A	LOF	LOF	3.0
EBF3	LOF	LOF	3.0
EBP	LOF	LOF	3.0
ECEL1	LOF	LOF	
ECM1	LOF	LOF	
EDA	LOF	LOF	3.0
EDAR	LOF	LOF	
EDEM3	LOF	LOF	
EDN1	LOF	LOF	
EDN3	LOF	LOF	
EDNRA	GOF	GOF	
EDNRB	LOF	LOF	
EEF1A2	GOF	GOF	0.0
EFNB1	LOF	LOF	3.0
EFTUD2	HI	LOF	3.0
EGFR	GOF	GOF	0.0
EGLN1	GOF	GOF	
EGR2	LOF	LOF	0.0
EHMT1	HI	LOF	
EIF2S3	LOF	LOF	
EIF5A	LOF	LOF	
ELAC2	LOF	LOF	
ELANE	DN	DN	
ELMO2	LOF	LOF	
ELN	LOF	LOF	3.0
ELOVL4	LOF	LOF	
ELP1	LOF	LOF	
ELP4	LOF	LOF	
EMC10	LOF	LOF	
ENG	HI	LOF	3.0
ENPP1	LOF	LOF	
EOGT	LOF	LOF	
EP300	HI	LOF	3.0
EPG5	LOF	LOF	
EPHA2	LOF	LOF	
EPHB4	LOF	LOF	
EPRS1	LOF	LOF	
ERCC6	LOF	LOF	
ERCC6L2	LOF	LOF	
ERF	LOF	LOF	3.0
ESPN	LOF	LOF	
ESR2	DN	DN	
ETV6	DN	DN	3.0
EVC	LOF	LOF	
EVC2	LOF	LOF	
EXOSC9	LOF	LOF	
EXPH5	LOF	LOF	
EXT1	LOF	LOF	3.0
EXT2	LOF	LOF	3.0
EYA1	HI	LOF	3.0
EYA4	HI	LOF	3.0
EYS	LOF	LOF	
F12	GOF	GOF	
FA2H	LOF	LOF	
FAM111A	GOF	GOF	
FAM149B1	LOF	LOF	
FAM161A	LOF	LOF	
FAM20A	LOF	LOF	
FANCA	LOF	LOF	
FANCB	LOF	LOF	3.0
FANCC	LOF	LOF	
FANCF	LOF	LOF	
FANCG	LOF	LOF	
FANCL	LOF	LOF	
FANCM	LOF	LOF	
FAR1	LOF	LOF	
FAS	DN	DN	
FAT4	LOF	LOF	
FBLN5	LOF	LOF	
FBN1	HI	LOF	3.0
FBN2	DN	DN	0.0
FBXL4	LOF	LOF	
FBXO11	LOF	LOF	
FEZF1	LOF	LOF	
FGD1	LOF	LOF	3.0
FGF10	HI	LOF	3.0
FGF12	GOF	GOF	0.0
FGF13	GOF	GOF	
FGF14	LOF	LOF	
FGF3	LOF	LOF	
FGF9	LOF	LOF	
FGFR1	GOF	GOF	3.0
FGFR2	GOF	GOF	
FGFR3	GOF	GOF	0.0
FH	LOF	LOF	3.0
FHL1	LOF	LOF	
FIG4	LOF	LOF	
FKBP15	LOF	LOF	
FKTN	LOF	LOF	
FLAD1	LOF	LOF	
FLCN	HI	LOF	3.0
FLNA	LOF	LOF	3.0
FLNB	LOF	LOF	0.0
FLNC	LOF	LOF	3.0
FLT4	LOF	LOF	
FLVCR1	LOF	LOF	
FLVCR2	LOF	LOF	
FMN2	LOF	LOF	
FMR1	GOF	GOF	3.0
FOXC1	HI	LOF	3.0
FOXC2	GOF	GOF	3.0
FOXE1	LOF	LOF	
FOXE3	LOF	LOF	0.0
FOXF1	LOF	LOF	3.0
FOXG1	HI	LOF	3.0
FOXJ1	LOF	LOF	
FOXL2	LOF	LOF	3.0
FOXN1	LOF	LOF	
FOXP1	DN	DN	3.0
FOXP2	LOF	LOF	3.0
FOXP3	LOF	LOF	
FOXRED1	LOF	LOF	
FRAS1	LOF	LOF	
FREM1	LOF	LOF	
FREM2	LOF	LOF	
FRMD7	LOF	LOF	3.0
FRMPD4	LOF	LOF	
FRRS1L	LOF	LOF	
FTL	LOF	LOF	0.0
FTSJ1	LOF	LOF	
FUCA1	LOF	LOF	
FUS	GOF	GOF	
FUT8	LOF	LOF	
FXYD2	DN	DN	
FZD4	HI	LOF	3.0
FZD5	DN	DN	
FZD6	LOF	LOF	
G6PC1	LOF	LOF	
GABBR2	DN	DN	
GABRA1	DN	DN	
GABRA5	DN	DN	
GABRG2	LOF	LOF	
GAS2L2	LOF	LOF	
GATA2	LOF	LOF	3.0
GATA3	HI	LOF	3.0
GATA4	HI	LOF	3.0
GATA6	GOF	GOF	3.0
GATAD2B	LOF	LOF	3.0
GATM	LOF	LOF	
GBA1	LOF	LOF	
GBA2	LOF	LOF	
GCNT2	LOF	LOF	
GCSH	LOF	LOF	
GDF1	LOF	LOF	
GDF5	LOF	LOF	3.0
GEMIN5	LOF	LOF	
GFAP	GOF	GOF	
GFI1	DN	DN	0.0
GFM1	LOF	LOF	
GGCX	LOF	LOF	
GHR	LOF	LOF	
GJA1	LOF	LOF	0.0
GJB2	LOF	LOF	
GK	LOF	LOF	3.0
GLA	LOF	LOF	3.0
GLI2	LOF	LOF	3.0
GLI3	HI	LOF	3.0
GLIS2	LOF	LOF	
GLIS3	LOF	LOF	
GLMN	LOF	LOF	3.0
GLRA1	LOF	LOF	
GLRB	LOF	LOF	
GLUD1	GOF	GOF	
GMNN	GOF	GOF	
GMPPA	LOF	LOF	
GNA11	GOF	GOF	
GNA14	GOF	GOF	
GNAO1	GOF	GOF	
GNAQ	GOF	GOF	
GNAS	LOF	LOF	3.0
GNAT1	LOF	LOF	
GNAT2	LOF	LOF	
GNB1	GOF	GOF	
GNPAT	LOF	LOF	
GNPTG	LOF	LOF	
GNS	LOF	LOF	
GORAB	LOF	LOF	
GPAA1	LOF	LOF	
GPC3	LOF	LOF	3.0
GPC4	LOF	LOF	
GPC6	LOF	LOF	
GPR143	LOF	LOF	
GPR179	LOF	LOF	
GPX4	LOF	LOF	
GREB1L	LOF	LOF	
GRHL3	LOF	LOF	
GRIA2	LOF	LOF	
GRIA3	LOF	LOF	
GRIN1	LOF	LOF	
GRIN2A	DN	DN	3.0
GRIN2B	GOF	GOF	3.0
GRIN2D	GOF	GOF	
GRIP1	LOF	LOF	
GRK1	LOF	LOF	
GRM1	LOF	LOF	
GRM6	LOF	LOF	
GRN	LOF	LOF	
GRXCR1	LOF	LOF	
GSDME	LOF	LOF	
GTF2H5	LOF	LOF	
GTPBP2	LOF	LOF	
GTPBP3	LOF	LOF	
GUCA1A	GOF	GOF	
GUCY2C	LOF	LOF	0.0
GUCY2D	LOF	LOF	
GZF1	LOF	LOF	
H1-4	LOF	LOF	0.0
HACD1	LOF	LOF	
HACE1	LOF	LOF	
HAMP	LOF	LOF	
HAX1	LOF	LOF	
HCFC1	LOF	LOF	
HCN4	DN	DN	
HDAC4	LOF	LOF	
HDAC8	LOF	LOF	3.0
HERC1	LOF	LOF	
HESX1	LOF	LOF	
HGSNAT	LOF	LOF	
HIVEP2	LOF	LOF	3.0
HLCS	LOF	LOF	
HMBS	HI	LOF	3.0
HMGA2	LOF	LOF	
HMX1	LOF	LOF	
HNF1B	HI	LOF	3.0
HNF4A	LOF	LOF	3.0
HNRNPH1	LOF	LOF	
HNRNPK	LOF	LOF	3.0
HNRNPR	LOF	LOF	
HNRNPU	LOF	LOF	3.0
HOXA1	LOF	LOF	
HOXA13	GOF	GOF	
HOXC13	LOF	LOF	
HPD	DN	DN	
HPDL	LOF	LOF	
HPRT1	LOF	LOF	3.0
HPS1	LOF	LOF	
HPS3	LOF	LOF	
HPS4	LOF	LOF	
HPS5	LOF	LOF	
HPS6	LOF	LOF	
HPSE2	LOF	LOF	
HR	LOF	LOF	
HRAS	GOF	GOF	0.0
HS2ST1	LOF	LOF	
HSD11B1	DN	DN	
HSD3B7	LOF	LOF	
HSPD1	LOF	LOF	
HSPG2	LOF	LOF	
HYAL1	LOF	LOF	
HYCC1	LOF	LOF	
HYDIN	LOF	LOF	
IARS1	LOF	LOF	
IDS	LOF	LOF	3.0
IFIH1	GOF	GOF	
IFT122	LOF	LOF	
IFT140	LOF	LOF	
IFT172	LOF	LOF	
IFT38	LOF	LOF	
IFT74	LOF	LOF	
IGF1R	LOF	LOF	3.0
IGF2	LOF	LOF	0.0
IGFBP7	LOF	LOF	
IGSF1	LOF	LOF	
IKBKG	LOF	LOF	3.0
IL1RAPL1	LOF	LOF	3.0
ILDR1	LOF	LOF	
IMPDH1	DN	DN	
IMPG1	LOF	LOF	
IMPG2	LOF	LOF	
INSR	DN	DN	
IPO13	LOF	LOF	
IPO8	LOF	LOF	
IQCB1	LOF	LOF	
IQSEC2	LOF	LOF	3.0
IRF2BPL	LOF	LOF	
IRF6	LOF	LOF	3.0
ITCH	LOF	LOF	
ITGA3	LOF	LOF	
ITGA8	LOF	LOF	
ITGB4	DN	DN	
ITPR1	DN	DN	
JAG1	HI	LOF	3.0
JAG2	LOF	LOF	
JAK1	GOF	GOF	
JAK3	LOF	LOF	
JAM3	LOF	LOF	
JARID2	LOF	LOF	
KANSL1	HI	LOF	3.0
KARS1	LOF	LOF	
KAT6A	LOF	LOF	3.0
KAT6B	LOF	LOF	3.0
KCNA1	DN	DN	
KCNA2	LOF	LOF	
KCNB1	DN	DN	0.0
KCNC1	GOF	GOF	
KCNE2	GOF	GOF	
KCNH1	GOF	GOF	0.0
KCNH2	DN	DN	3.0
KCNJ10	LOF	LOF	
KCNJ11	LOF	LOF	
KCNJ13	LOF	LOF	
KCNJ5	DN	DN	
KCNJ8	GOF	GOF	
KCNK4	GOF	GOF	
KCNMA1	GOF	GOF	
KCNN3	GOF	GOF	
KCNQ1	LOF	LOF	3.0
KCNQ2	DN	DN	3.0
KCNQ4	DN	DN	
KCNQ5	GOF	GOF	
KCNT1	GOF	GOF	
KCNV2	LOF	LOF	
KCTD7	LOF	LOF	
KDELR2	LOF	LOF	
KDM3B	LOF	LOF	
KDM4B	LOF	LOF	
KDM5B	LOF	LOF	
KDM5C	LOF	LOF	3.0
KDM6A	LOF	LOF	3.0
KDM6B	LOF	LOF	3.0
KERA	LOF	LOF	
KIAA0586	LOF	LOF	
KIDINS220	LOF	LOF	
KIF11	LOF	LOF	3.0
KIF14	LOF	LOF	
KIF1A	LOF	LOF	0.0
KIF22	GOF	GOF	
KIF2A	DN	DN	
KIF5A	DN	DN	
KIFBP	LOF	LOF	
KIT	LOF	LOF	3.0
KITLG	GOF	GOF	
KIZ	LOF	LOF	
KLF1	DN	DN	
KLHL7	LOF	LOF	
KMT2A	HI	LOF	3.0
KMT2B	LOF	LOF	3.0
KMT2C	LOF	LOF	3.0
KMT2D	HI	LOF	3.0
KMT2E	LOF	LOF	3.0
KMT5B	LOF	LOF	3.0
KPTN	LOF	LOF	
KRAS	GOF	GOF	
KRIT1	LOF	LOF	
KRT1	DN	DN	
KRT10	DN	DN	
KRT12	DN	DN	
KRT13	DN	DN	
KRT14	DN	DN	
KRT16	DN	DN	
KRT17	LOF	LOF	
KRT2	LOF	LOF	
KRT3	DN	DN	
KRT4	DN	DN	
KRT5	LOF	LOF	
KRT6A	DN	DN	
KRT6B	DN	DN	
KRT85	LOF	LOF	
KRT9	DN	DN	
L1CAM	LOF	LOF	3.0
L2HGDH	LOF	LOF	
LAMA1	LOF	LOF	
LAMA3	LOF	LOF	
LAMB2	LOF	LOF	
LAMB3	LOF	LOF	
LAMC2	LOF	LOF	
LAMC3	LOF	LOF	
LAMP2	LOF	LOF	3.0
LARGE1	LOF	LOF	
LBR	LOF	LOF	
LCA5	LOF	LOF	
LDLR	LOF	LOF	3.0
LDLRAP1	LOF	LOF	
LEMD3	HI	LOF	3.0
LGI4	LOF	LOF	
LHX4	HI	LOF	
LIFR	LOF	LOF	
LINS1	LOF	LOF	
LIPI	LOF	LOF	
LIPN	LOF	LOF	
LMBRD1	LOF	LOF	
LMNA	GOF	GOF	3.0
LMOD3	LOF	LOF	
LMX1B	LOF	LOF	3.0
LOXHD1	LOF	LOF	
LPL	LOF	LOF	
LRAT	LOF	LOF	
LRBA	LOF	LOF	
LRIG2	LOF	LOF	
LRIT3	LOF	LOF	
LRMDA	LOF	LOF	
LRP2	LOF	LOF	
LRP4	LOF	LOF	
LRP5	GOF	GOF	
LRPAP1	LOF	LOF	
LRPPRC	LOF	LOF	
LRRC56	LOF	LOF	
LTBP1	LOF	LOF	
LTBP2	LOF	LOF	
LTBP3	LOF	LOF	
LYSET	LOF	LOF	
LYST	LOF	LOF	
LZTFL1	LOF	LOF	
LZTR1	LOF	LOF	
MAB21L2	LOF	LOF	
MADD	LOF	LOF	
MAFB	GOF	GOF	0.0
MAGEL2	LOF	LOF	
MAK	LOF	LOF	
MAMLD1	LOF	LOF	
MANBA	LOF	LOF	
MAOA	LOF	LOF	3.0
MAP2K1	GOF	GOF	0.0
MAP2K2	GOF	GOF	
MAP3K1	LOF	LOF	0.0
MAPK8IP3	LOF	LOF	
MAPKAPK5	LOF	LOF	
MARVELD2	LOF	LOF	
MASP1	LOF	LOF	
MAT1A	LOF	LOF	
MAX	LOF	LOF	3.0
MBD5	LOF	LOF	3.0
MBOAT7	LOF	LOF	
MBTPS2	LOF	LOF	
MC2R	LOF	LOF	
MCCC1	LOF	LOF	
MCCC2	LOF	LOF	
MCEE	LOF	LOF	
MECOM	GOF	GOF	
MECP2	LOF	LOF	3.0
MED12	LOF	LOF	3.0
MED13	LOF	LOF	
MED13L	LOF	LOF	3.0
MED27	LOF	LOF	
MEF2C	HI	LOF	3.0
MEFV	LOF	LOF	0.0
MEGF10	LOF	LOF	
MEGF8	LOF	LOF	
MEIS2	LOF	LOF	3.0
MEN1	HI	LOF	3.0
MEOX1	LOF	LOF	
MESD	LOF	LOF	
MESP2	LOF	LOF	
METTL23	LOF	LOF	
METTL5	LOF	LOF	
MFF	LOF	LOF	
MFRP	LOF	LOF	
MFSD8	LOF	LOF	
MGP	LOF	LOF	
MID1	LOF	LOF	3.0
MIP	DN	DN	
MIR17HG	LOF	LOF	
MITF	LOF	LOF	3.0
MKKS	LOF	LOF	
MKS1	LOF	LOF	
MLC1	LOF	LOF	
MLH1	LOF	LOF	3.0
MMP21	LOF	LOF	
MN1	LOF	LOF	
MNX1	LOF	LOF	3.0
MOCS1	LOF	LOF	
MORC2	GOF	GOF	
MPDU1	LOF	LOF	
MPI	LOF	LOF	
MPLKIP	LOF	LOF	
MPV17	LOF	LOF	
MRAP	LOF	LOF	
MRAS	GOF	GOF	
MRPS34	LOF	LOF	
MSH2	LOF	LOF	3.0
MSH6	LOF	LOF	3.0
MSL2	LOF	LOF	
MSL3	LOF	LOF	3.0
MSX1	HI	LOF	3.0
MSX2	LOF	LOF	
MT-TP	LOF	LOF	
MTAP	LOF	LOF	
MTFMT	LOF	LOF	
MTM1	LOF	LOF	3.0
MTO1	LOF	LOF	
MTOR	GOF	GOF	
MTRFR	LOF	LOF	
MVK	LOF	LOF	
MYBPC1	LOF	LOF	
MYBPC3	LOF	LOF	3.0
MYCN	LOF	LOF	3.0
MYF5	LOF	LOF	
MYH3	LOF	LOF	
MYH8	LOF	LOF	
MYH9	DN	DN	
MYLK	LOF	LOF	3.0
MYO15A	LOF	LOF	
MYO18B	LOF	LOF	
MYO5A	LOF	LOF	
MYO7A	LOF	LOF	
MYOC	DN	DN	
MYOCD	LOF	LOF	
MYPN	LOF	LOF	
MYRF	LOF	LOF	
MYT1L	HI	LOF	3.0
NAA10	LOF	LOF	
NAA15	LOF	LOF	3.0
NACC1	GOF	GOF	
NAGLU	LOF	LOF	
NALCN	LOF	LOF	
NANS	LOF	LOF	
NAPB	LOF	LOF	
NARS1	LOF	LOF	
NARS2	LOF	LOF	
NAXD	LOF	LOF	
NBAS	LOF	LOF	
NBEA	LOF	LOF	3.0
NBN	LOF	LOF	
NDE1	LOF	LOF	
NDNF	LOF	LOF	
NDP	LOF	LOF	3.0
NDUFA1	LOF	LOF	0.0
NDUFA12	LOF	LOF	
NDUFA6	LOF	LOF	
NDUFA8	LOF	LOF	
NDUFAF2	LOF	LOF	
NDUFAF8	LOF	LOF	
NDUFB11	LOF	LOF	
NEB	LOF	LOF	
NEK1	LOF	LOF	
NEK8	LOF	LOF	
NEU1	LOF	LOF	
NEXMIF	LOF	LOF	3.0
NF1	LOF	LOF	3.0
NF2	HI	LOF	3.0
NFE2L2	GOF	GOF	
NFIA	LOF	LOF	3.0
NFIB	LOF	LOF	3.0
NFIX	LOF	LOF	3.0
NHS	LOF	LOF	3.0
NIPAL4	LOF	LOF	
NIPBL	HI	LOF	3.0
NKX2-1	LOF	LOF	
NKX2-5	DN	DN	3.0
NKX3-2	LOF	LOF	
NKX6-2	LOF	LOF	
NLGN3	LOF	LOF	0.0
NLGN4X	LOF	LOF	
NLRP2	LOF	LOF	
NLRP3	GOF	GOF	
NOD2	GOF	GOF	
NODAL	LOF	LOF	
NOG	HI	LOF	3.0
NONO	LOF	LOF	3.0
NOTCH1	LOF	LOF	3.0
NOTCH2	GOF	GOF	0.0
NOTCH3	GOF	GOF	
NPHP1	LOF	LOF	
NPHP3	LOF	LOF	
NPHP4	LOF	LOF	
NPHS1	LOF	LOF	
NPHS2	LOF	LOF	
NPR2	LOF	LOF	
NPR3	LOF	LOF	
NPRL2	LOF	LOF	
NPRL3	LOF	LOF	3.0
NR0B1	LOF	LOF	3.0
NR2E3	LOF	LOF	
NR2F1	LOF	LOF	3.0
NR2F2	LOF	LOF	0.0
NR3C1	DN	DN	
NR3C2	DN	DN	3.0
NR4A2	LOF	LOF	3.0
NR5A1	DN	DN	3.0
NRAS	GOF	GOF	0.0
NRL	LOF	LOF	
NRROS	LOF	LOF	
NRXN1	LOF	LOF	3.0
NSD1	HI	LOF	3.0
NSD2	LOF	LOF	3.0
NSDHL	LOF	LOF	3.0
NSRP1	LOF	LOF	
NTHL1	LOF	LOF	
NUBPL	LOF	LOF	
NUDT2	LOF	LOF	
NUP188	LOF	LOF	
NUP214	LOF	LOF	
NUS1	LOF	LOF	3.0
NYX	LOF	LOF	3.0
OBSL1	LOF	LOF	
OCA2	LOF	LOF	
OCLN	LOF	LOF	
OCRL	LOF	LOF	3.0
ODAD1	LOF	LOF	
ODAD2	LOF	LOF	
ODAD3	LOF	LOF	
ODAD4	LOF	LOF	
ODC1	GOF	GOF	
OFD1	LOF	LOF	3.0
OGT	LOF	LOF	
ONECUT1	LOF	LOF	
OPA1	LOF	LOF	
OPA3	LOF	LOF	
OPHN1	LOF	LOF	3.0
OPN1LW	LOF	LOF	
OTC	LOF	LOF	3.0
OTOF	LOF	LOF	
OTOGL	LOF	LOF	
OTUD6B	LOF	LOF	
OTX2	DN	DN	3.0
OXR1	LOF	LOF	
P3H1	LOF	LOF	
P3H2	LOF	LOF	
PACS1	GOF	GOF	0.0
PAFAH1B1	HI	LOF	3.0
PAK1	GOF	GOF	
PAK3	GOF	GOF	3.0
PALB2	LOF	LOF	3.0
PARN	LOF	LOF	
PAX1	LOF	LOF	
PAX2	HI	LOF	3.0
PAX3	LOF	LOF	3.0
PAX6	HI	LOF	
PAX8	DN	DN	
PAX9	LOF	LOF	3.0
PBX1	HI	LOF	3.0
PCARE	LOF	LOF	
PCCB	LOF	LOF	
PCDH12	LOF	LOF	
PCDH15	LOF	LOF	
PCDH19	LOF	LOF	3.0
PCGF2	GOF	GOF	
PCNT	LOF	LOF	
PCSK9	GOF	GOF	
PDCD10	LOF	LOF	
PDE4D	DN	DN	0.0
PDE6A	LOF	LOF	
PDE6B	GOF	GOF	
PDE6G	LOF	LOF	
PDE6H	LOF	LOF	
PDGFRA	GOF	GOF	0.0
PDGFRB	GOF	GOF	
PDHA1	LOF	LOF	3.0
PDHX	LOF	LOF	
PDSS2	LOF	LOF	
PDYN	DN	DN	
PDZD7	LOF	LOF	
PET100	LOF	LOF	
PEX1	LOF	LOF	
PEX10	LOF	LOF	
PEX11B	LOF	LOF	
PEX12	LOF	LOF	
PEX14	LOF	LOF	
PEX16	LOF	LOF	
PEX19	LOF	LOF	
PEX2	LOF	LOF	
PEX26	LOF	LOF	
PEX6	LOF	LOF	
PEX7	LOF	LOF	
PGAP1	LOF	LOF	
PGAP2	LOF	LOF	
PGAP3	LOF	LOF	
PGK1	LOF	LOF	
PGM2L1	LOF	LOF	
PHACTR1	DN	DN	
PHEX	LOF	LOF	3.0
PHF12	LOF	LOF	3.0
PHF21A	LOF	LOF	3.0
PHF6	LOF	LOF	3.0
PHF8	LOF	LOF	3.0
PHIP	LOF	LOF	3.0
PHOX2A	LOF	LOF	
PHOX2B	DN	DN	3.0
PIBF1	LOF	LOF	
PIDD1	LOF	LOF	
PIEZO1	LOF	LOF	
PIEZO2	LOF	LOF	
PIGA	LOF	LOF	
PIGB	LOF	LOF	
PIGG	LOF	LOF	
PIGH	LOF	LOF	
PIGK	LOF	LOF	
PIGL	LOF	LOF	
PIGN	LOF	LOF	
PIGO	LOF	LOF	
PIGS	LOF	LOF	
PIGV	LOF	LOF	
PIK3CA	GOF	GOF	0.0
PIK3CD	GOF	GOF	
PIK3R2	GOF	GOF	0.0
PIKFYVE	LOF	LOF	
PITX1	LOF	LOF	
PITX2	LOF	LOF	3.0
PITX3	LOF	LOF	0.0
PJVK	LOF	LOF	
PKD1	HI	LOF	3.0
PKD1L1	LOF	LOF	
PKD2	HI	LOF	3.0
PKHD1	LOF	LOF	
PKP1	LOF	LOF	
PKP2	LOF	LOF	3.0
PLA2G5	LOF	LOF	
PLCB1	LOF	LOF	
PLCG2	GOF	GOF	
PLEC	LOF	LOF	
PLK4	LOF	LOF	
PLOD1	LOF	LOF	
PLOD2	LOF	LOF	
PLP1	LOF	LOF	3.0
PLPBP	LOF	LOF	
PLS3	LOF	LOF	
PNPLA2	LOF	LOF	
PNPLA6	LOF	LOF	
PNPLA8	LOF	LOF	
POC1A	LOF	LOF	
POC1B	LOF	LOF	
POGZ	LOF	LOF	3.0
POLA1	LOF	LOF	
POLE	LOF	LOF	
POLG	LOF	LOF	
POLH	LOF	LOF	
POLR1A	LOF	LOF	
POLR1D	LOF	LOF	3.0
POMGNT2	LOF	LOF	
POMK	LOF	LOF	
POMT1	LOF	LOF	
POMT2	LOF	LOF	
PORCN	LOF	LOF	3.0
POU1F1	LOF	LOF	
POU3F3	GOF	GOF	0.0
POU4F1	LOF	LOF	
PPARG	DN	DN	
PPIL1	LOF	LOF	
PPM1D	LOF	LOF	0.0
PPP1R12A	LOF	LOF	
PPP1R13L	LOF	LOF	
PPP1R21	LOF	LOF	
PPP2CA	DN	DN	
PPP2R1A	DN	DN	0.0
PPP2R5D	DN	DN	
PPP3CA	GOF	GOF	
PQBP1	LOF	LOF	3.0
PRCD	LOF	LOF	
PRDM5	LOF	LOF	
PREPL	LOF	LOF	
PRIM1	LOF	LOF	
PRKAR1A	GOF	GOF	3.0
PRNP	DN	DN	
PROM1	LOF	LOF	
PROP1	LOF	LOF	
PRPF31	LOF	LOF	
PRPF4	DN	DN	
PRPH2	LOF	LOF	
PRPS1	LOF	LOF	
PRR12	LOF	LOF	3.0
PRRT2	LOF	LOF	3.0
PRSS1	GOF	GOF	0.0
PRSS12	LOF	LOF	
PRSS56	LOF	LOF	
PRUNE1	LOF	LOF	
PSEN1	GOF	GOF	
PSEN2	GOF	GOF	
PSTPIP1	DN	DN	
PTCH1	HI	LOF	3.0
PTCHD1	LOF	LOF	3.0
PTDSS1	GOF	GOF	
PTEN	HI	LOF	3.0
PTF1A	LOF	LOF	
PTH	LOF	LOF	
PTH1R	LOF	LOF	3.0
PTHLH	LOF	LOF	3.0
PTPN11	GOF	GOF	3.0
PTPN14	LOF	LOF	
PTPRQ	LOF	LOF	
PUF60	LOF	LOF	3.0
PURA	LOF	LOF	3.0
PUS3	LOF	LOF	
PXDN	LOF	LOF	
PYROXD1	LOF	LOF	
QRICH1	LOF	LOF	3.0
RAB11B	DN	DN	
RAB28	LOF	LOF	
RAB39B	LOF	LOF	3.0
RAB3GAP1	LOF	LOF	
RAB3GAP2	LOF	LOF	
RAD21	LOF	LOF	3.0
RAD51	DN	DN	
RAD51C	LOF	LOF	3.0
RAD51D	LOF	LOF	3.0
RAF1	GOF	GOF	0.0
RAI1	LOF	LOF	3.0
RALGAPA1	LOF	LOF	
RAPSN	LOF	LOF	
RARB	LOF	LOF	
RARS1	LOF	LOF	
RARS2	LOF	LOF	
RASA1	HI	LOF	3.0
RAX	LOF	LOF	
RAX2	LOF	LOF	
RB1	LOF	LOF	3.0
RBCK1	LOF	LOF	
RBM10	LOF	LOF	
RBM8A	LOF	LOF	
RBP4	DN	DN	
RCBTB1	LOF	LOF	
RD3	LOF	LOF	
RDH12	LOF	LOF	
RDH5	LOF	LOF	
REEP6	LOF	LOF	
RERE	LOF	LOF	
RET	HI	LOF	3.0
RETREG1	LOF	LOF	
RFT1	LOF	LOF	
RFX3	LOF	LOF	3.0
RFX6	LOF	LOF	
RGS9	LOF	LOF	
RGS9BP	LOF	LOF	
RHBDF2	GOF	GOF	0.0
RHO	LOF	LOF	
RIMS2	LOF	LOF	
RIN2	LOF	LOF	
RINT1	LOF	LOF	0.0
RIPK4	LOF	LOF	
RIT1	GOF	GOF	0.0
RLBP1	LOF	LOF	
RMRP	LOF	LOF	
RNF13	GOF	GOF	
RNU4-2	LOF	LOF	
ROBO4	LOF	LOF	
ROGDI	LOF	LOF	
ROR2	LOF	LOF	0.0
RORA	LOF	LOF	
RP1	LOF	LOF	
RP1L1	LOF	LOF	
RP2	LOF	LOF	3.0
RPE65	LOF	LOF	
RPGR	LOF	LOF	
RPIA	LOF	LOF	
RPL11	LOF	LOF	
RPS17	HI	LOF	3.0
RPS19	HI	LOF	3.0
RPS24	HI	LOF	3.0
RPS26	HI	LOF	3.0
RPS6KA3	LOF	LOF	3.0
RRAS	GOF	GOF	
RRAS2	GOF	GOF	
RRM2B	LOF	LOF	
RS1	LOF	LOF	3.0
RSPH1	LOF	LOF	
RSPH3	LOF	LOF	
RSPO4	LOF	LOF	
RSPRY1	LOF	LOF	
RSRC1	LOF	LOF	
RTEL1	LOF	LOF	
RUNX1	LOF	LOF	3.0
RUNX2	LOF	LOF	
RXYLT1	LOF	LOF	
RYR1	LOF	LOF	
RYR2	GOF	GOF	0.0
SALL1	LOF	LOF	
SALL4	LOF	LOF	3.0
SAMD11	LOF	LOF	
SAMD9	GOF	GOF	0.0
SAMHD1	LOF	LOF	
SATB2	HI	LOF	3.0
SBF2	LOF	LOF	
SCAF4	LOF	LOF	
SCAPER	LOF	LOF	
SCARF2	LOF	LOF	
SCN10A	GOF	GOF	
SCN11A	GOF	GOF	
SCN1A	GOF	GOF	3.0
SCN2A	GOF	GOF	3.0
SCN3A	GOF	GOF	
SCN4A	GOF	GOF	
SCN5A	LOF	LOF	3.0
SCN8A	DN	DN	
SCN9A	GOF	GOF	
SCO2	LOF	LOF	
SCUBE3	LOF	LOF	
SCYL1	LOF	LOF	
SDCCAG8	LOF	LOF	
SDHA	LOF	LOF	
SDHB	LOF	LOF	3.0
SDHC	LOF	LOF	3.0
SDHD	LOF	LOF	3.0
SEC23B	LOF	LOF	
SECISBP2	LOF	LOF	
SELENOI	LOF	LOF	
SELENON	LOF	LOF	
SEMA3A	LOF	LOF	
SERAC1	LOF	LOF	
SERPINB6	LOF	LOF	
SET	LOF	LOF	3.0
SETBP1	GOF	GOF	3.0
SETD1A	HI	LOF	3.0
SETD1B	LOF	LOF	3.0
SETD2	LOF	LOF	3.0
SETD5	LOF	LOF	3.0
SF3B4	LOF	LOF	3.0
SFTPC	GOF	GOF	
SH2D1A	LOF	LOF	3.0
SH3PXD2B	LOF	LOF	
SHANK1	LOF	LOF	
SHANK2	LOF	LOF	3.0
SHANK3	HI	LOF	3.0
SHH	DN	DN	3.0
SHOC2	GOF	GOF	0.0
SHOX	LOF	LOF	
SHROOM3	LOF	LOF	
SIK1	GOF	GOF	
SIL1	LOF	LOF	
SIM1	LOF	LOF	0.0
SIN3A	HI	LOF	3.0
SIX1	LOF	LOF	0.0
SIX3	LOF	LOF	3.0
SIX6	LOF	LOF	0.0
SKIC2	LOF	LOF	
SKIC3	LOF	LOF	
SLC10A7	LOF	LOF	
SLC12A6	LOF	LOF	
SLC13A5	LOF	LOF	
SLC16A2	LOF	LOF	3.0
SLC17A5	LOF	LOF	
SLC19A3	LOF	LOF	
SLC22A5	LOF	LOF	
SLC24A4	LOF	LOF	
SLC24A5	LOF	LOF	
SLC25A1	LOF	LOF	
SLC25A13	LOF	LOF	
SLC25A15	LOF	LOF	
SLC25A20	LOF	LOF	
SLC25A26	LOF	LOF	
SLC25A38	LOF	LOF	
SLC25A42	LOF	LOF	
SLC25A46	LOF	LOF	
SLC26A2	LOF	LOF	
SLC27A4	LOF	LOF	
SLC2A1	LOF	LOF	3.0
SLC2A10	LOF	LOF	
SLC2A2	LOF	LOF	
SLC33A1	LOF	LOF	
SLC35A2	LOF	LOF	3.0
SLC35C1	LOF	LOF	
SLC35D1	LOF	LOF	
SLC37A4	LOF	LOF	
SLC38A3	LOF	LOF	
SLC38A8	LOF	LOF	
SLC39A14	LOF	LOF	
SLC39A4	LOF	LOF	
SLC39A8	LOF	LOF	
SLC40A1	LOF	LOF	
SLC45A2	LOF	LOF	
SLC46A1	LOF	LOF	
SLC4A11	LOF	LOF	
SLC52A2	LOF	LOF	
SLC52A3	LOF	LOF	
SLC5A5	LOF	LOF	
SLC6A1	LOF	LOF	3.0
SLC6A19	LOF	LOF	
SLC6A3	LOF	LOF	
SLC6A5	LOF	LOF	
SLC6A8	LOF	LOF	3.0
SLC6A9	LOF	LOF	
SLC9A6	LOF	LOF	3.0
SLITRK6	LOF	LOF	
SLX4	LOF	LOF	
SMAD3	HI	LOF	3.0
SMAD4	HI	LOF	3.0
SMAD9	GOF	GOF	
SMARCA4	LOF	LOF	3.0
SMARCAL1	LOF	LOF	
SMARCB1	HI	LOF	3.0
SMARCC2	LOF	LOF	
SMARCE1	LOF	LOF	3.0
SMC1A	LOF	LOF	3.0
SMCHD1	GOF	GOF	
SMG8	LOF	LOF	
SMOC1	LOF	LOF	
SMOC2	LOF	LOF	
SMPD4	LOF	LOF	
SMS	LOF	LOF	3.0
SNAI2	LOF	LOF	
SNAP25	LOF	LOF	
SNAP29	LOF	LOF	
SNCA	GOF	GOF	
SNORD118	LOF	LOF	
SNRPB	LOF	LOF	
SNRPN	LOF	LOF	0.0
SNUPN	LOF	LOF	
SNX14	LOF	LOF	
SON	LOF	LOF	3.0
SOS1	GOF	GOF	0.0
SOX10	HI	LOF	3.0
SOX11	HI	LOF	3.0
SOX2	HI	LOF	3.0
SOX3	LOF	LOF	0.0
SOX5	HI	LOF	3.0
SOX6	LOF	LOF	
SOX9	LOF	LOF	3.0
SPAG1	LOF	LOF	
SPAST	GOF	GOF	3.0
SPATA7	LOF	LOF	
SPEG	LOF	LOF	
SPEN	LOF	LOF	3.0
SPG11	LOF	LOF	
SPINK5	LOF	LOF	
SPINT2	LOF	LOF	
SPOP	GOF	GOF	
SPR	LOF	LOF	
SPRED1	HI	LOF	3.0
SPTAN1	DN	DN	3.0
SPTBN1	LOF	LOF	
SPTBN2	DN	DN	
SPTBN4	LOF	LOF	
SRC	GOF	GOF	
SRCAP	DN	DN	3.0
SRD5A3	LOF	LOF	
SRRM2	LOF	LOF	3.0
SRY	LOF	LOF	3.0
ST3GAL5	LOF	LOF	
STAG1	LOF	LOF	3.0
STAG2	LOF	LOF	3.0
STAT5B	LOF	LOF	
STIL	LOF	LOF	
STK11	HI	LOF	3.0
STRA6	LOF	LOF	
STS	LOF	LOF	3.0
STX1B	LOF	LOF	
STXBP1	HI	LOF	3.0
SUFU	LOF	LOF	3.0
SURF1	LOF	LOF	
SUZ12	LOF	LOF	0.0
SYN1	LOF	LOF	3.0
SYNE1	LOF	LOF	
SYNGAP1	HI	LOF	3.0
SYP	LOF	LOF	
SYT1	DN	DN	
SYT2	DN	DN	
SZT2	LOF	LOF	
TAF1	LOF	LOF	
TAFAZZIN	LOF	LOF	
TANGO2	LOF	LOF	
TAOK1	LOF	LOF	3.0
TAP1	LOF	LOF	
TAPT1	LOF	LOF	
TBC1D20	LOF	LOF	
TBC1D23	LOF	LOF	
TBC1D24	LOF	LOF	
TBC1D2B	LOF	LOF	
TBCD	LOF	LOF	
TBCE	LOF	LOF	
TBCK	LOF	LOF	
TBK1	DN	DN	
TBL1XR1	HI	LOF	3.0
TBR1	LOF	LOF	3.0
TBX1	LOF	LOF	
TBX15	LOF	LOF	
TBX18	LOF	LOF	
TBX20	LOF	LOF	
TBX22	LOF	LOF	3.0
TBX3	HI	LOF	3.0
TBX4	LOF	LOF	3.0
TBX5	HI	LOF	3.0
TCF12	HI	LOF	3.0
TCF20	LOF	LOF	3.0
TCF4	HI	LOF	3.0
TCF7L2	LOF	LOF	
TCN2	LOF	LOF	
TCOF1	LOF	LOF	3.0
TCTN1	LOF	LOF	
TCTN2	LOF	LOF	
TCTN3	LOF	LOF	
TECPR2	LOF	LOF	
TECRL	LOF	LOF	
TECTA	LOF	LOF	
TEK	GOF	GOF	
TERC	LOF	LOF	3.0
TERT	LOF	LOF	
TET3	LOF	LOF	
TFR2	LOF	LOF	
TGDS	LOF	LOF	
TGFB2	LOF	LOF	
TGFB3	LOF	LOF	
TGFBR1	GOF	GOF	3.0
TGFBR2	LOF	LOF	0.0
TGIF1	HI	LOF	3.0
TGM5	LOF	LOF	
THAP1	LOF	LOF	
THRA	LOF	LOF	0.0
TIMM8A	LOF	LOF	3.0
TIMP3	LOF	LOF	
TINF2	LOF	LOF	
TLK2	LOF	LOF	
TMC6	LOF	LOF	
TMC8	LOF	LOF	
TMCO1	LOF	LOF	
TMEM126A	LOF	LOF	
TMEM126B	LOF	LOF	
TMEM127	LOF	LOF	3.0
TMEM138	LOF	LOF	
TMEM165	LOF	LOF	
TMEM222	LOF	LOF	
TMEM231	LOF	LOF	
TMEM237	LOF	LOF	
TMEM240	LOF	LOF	
TMEM260	LOF	LOF	
TMEM67	LOF	LOF	
TMEM70	LOF	LOF	
TMEM94	LOF	LOF	
TMPRSS6	LOF	LOF	
TMTC3	LOF	LOF	
TNFRSF13B	LOF	LOF	
TNNI2	GOF	GOF	
TNNT2	DN	DN	0.0
TNNT3	GOF	GOF	
TNRC6B	LOF	LOF	3.0
TNXB	LOF	LOF	
TOE1	LOF	LOF	
TOGARAM1	LOF	LOF	
TOPORS	LOF	LOF	
TOR1A	LOF	LOF	
TP53	LOF	LOF	3.0
TP53RK	LOF	LOF	
TP63	LOF	LOF	
TP73	LOF	LOF	0.0
TPM2	GOF	GOF	
TPP2	LOF	LOF	
TPRN	LOF	LOF	
TRAIP	LOF	LOF	
TRAPPC11	LOF	LOF	
TRAPPC12	LOF	LOF	
TRAPPC2	LOF	LOF	3.0
TRAPPC4	LOF	LOF	
TRAPPC6B	LOF	LOF	
TRAPPC9	LOF	LOF	
TRDN	LOF	LOF	
TREX1	LOF	LOF	
TRIM28	LOF	LOF	
TRIM32	LOF	LOF	
TRIM8	LOF	LOF	
TRIO	GOF	GOF	3.0
TRIP11	LOF	LOF	
TRIP12	LOF	LOF	3.0
TRIP4	LOF	LOF	
TRPA1	GOF	GOF	
TRPC3	GOF	GOF	
TRPM1	LOF	LOF	
TRPM4	GOF	GOF	
TRPS1	LOF	LOF	3.0
TRPV3	GOF	GOF	
TRPV4	GOF	GOF	
TSC1	LOF	LOF	3.0
TSC2	HI	LOF	3.0
TSEN54	LOF	LOF	
TSHB	LOF	LOF	
TSHR	GOF	GOF	
TSPAN12	LOF	LOF	
TSPAN7	LOF	LOF	
TTC12	LOF	LOF	
TTC19	LOF	LOF	
TTC5	LOF	LOF	
TTC7A	LOF	LOF	
TTLL5	LOF	LOF	
TTN	LOF	LOF	
TTR	GOF	GOF	0.0
TUBA4A	DN	DN	
TUBB2B	DN	DN	0.0
TUBB4A	GOF	GOF	0.0
TUSC3	LOF	LOF	
TWIST1	LOF	LOF	3.0
TWIST2	DN	DN	
TXNL4A	LOF	LOF	
TYR	LOF	LOF	
UBA2	LOF	LOF	
UBE2A	LOF	LOF	
UBE3A	HI	LOF	3.0
UBE3B	LOF	LOF	
UBE4A	LOF	LOF	
UBR7	LOF	LOF	
UBTF	GOF	GOF	
UGP2	LOF	LOF	
UGT1A1	LOF	LOF	
UMOD	DN	DN	
UNC80	LOF	LOF	
UPF3B	LOF	LOF	3.0
USH2A	LOF	LOF	
USP18	LOF	LOF	
USP27X	LOF	LOF	
USP45	LOF	LOF	
USP7	LOF	LOF	3.0
USP9X	LOF	LOF	3.0
UVSSA	LOF	LOF	
VAMP2	DN	DN	
VAPB	DN	DN	
VCAN	DN	DN	
VHL	LOF	LOF	3.0
VIPAS39	LOF	LOF	
VLDLR	LOF	LOF	
VMA12	LOF	LOF	
VMA22	LOF	LOF	
VPS13B	LOF	LOF	
VPS33B	LOF	LOF	
VPS4A	DN	DN	
VPS53	LOF	LOF	
VSX2	LOF	LOF	
WAC	LOF	LOF	3.0
WASHC5	LOF	LOF	
WDFY3	LOF	LOF	3.0
WDPCP	LOF	LOF	
WDR11	LOF	LOF	
WDR19	LOF	LOF	
WDR26	LOF	LOF	3.0
WDR35	LOF	LOF	
WDR45	LOF	LOF	3.0
WDR62	LOF	LOF	
WDR73	LOF	LOF	
WFS1	LOF	LOF	0.0
WHRN	LOF	LOF	
WNK1	LOF	LOF	
WNK4	DN	DN	
WNT1	LOF	LOF	
WNT10B	LOF	LOF	
WNT7A	LOF	LOF	
WRAP53	LOF	LOF	
WT1	DN	DN	3.0
XPC	LOF	LOF	
XPR1	DN	DN	
XYLT2	LOF	LOF	
YAP1	LOF	LOF	
YRDC	LOF	LOF	
YWHAG	GOF	GOF	
ZBTB11	LOF	LOF	
ZBTB18	LOF	LOF	3.0
ZBTB20	DN	DN	
ZC4H2	LOF	LOF	3.0
ZDHHC9	LOF	LOF	3.0
ZEB1	LOF	LOF	
ZEB2	LOF	LOF	3.0
ZFHX4	LOF	LOF	3.0
ZFP57	LOF	LOF	
ZFYVE19	LOF	LOF	
ZFYVE26	LOF	LOF	
ZIC1	GOF	GOF	0.0
ZIC2	LOF	LOF	3.0
ZIC3	LOF	LOF	3.0
ZMIZ1	LOF	LOF	
ZMYM2	LOF	LOF	
ZMYND10	LOF	LOF	
ZMYND11	HI	LOF	3.0
ZNF142	LOF	LOF	
ZNF148	LOF	LOF	
ZNF292	LOF	LOF	
ZNF335	LOF	LOF	
ZNF408	DN	DN	
ZNF462	LOF	LOF	3.0
ZNF469	LOF	LOF	
ZNF711	LOF	LOF	
ZSWIM6	GOF	GOF	
